from,to,departDate,arriveDate,departTime,arriveTime,airlineUid,price
Rome,Bangkok,2025-07-19,2025-07-21,07:28,12:32,68254481f0a705d6efbfb927,155.08
Sydney,Madrid,2025-05-23,2025-05-23,19:04,18:45,68254481f0a705d6efbfb927,874.41
Madrid,Rome,2025-07-29,2025-07-30,03:30,17:56,68254481f0a705d6efbfb921,893.13
Sydney,Mumbai,2025-07-25,2025-07-27,20:23,18:27,68254481f0a705d6efbfb91f,1093.74
Rome,London,2025-07-02,2025-07-05,09:18,08:06,68254481f0a705d6efbfb925,270.97
San Francisco,Moscow,2025-05-16,2025-05-18,06:20,14:55,68254481f0a705d6efbfb921,710.81
Chicago,Berlin,2025-06-16,2025-06-18,19:15,16:47,68254481f0a705d6efbfb91d,609.28
Melbourne,Seoul,2025-07-27,2025-07-30,08:37,21:36,68254481f0a705d6efbfb925,1450.24
Bangkok,Paris,2025-05-31,2025-06-01,19:57,12:00,68254481f0a705d6efbfb91b,486.77
London,Sydney,2025-06-13,2025-06-13,18:35,23:12,68254481f0a705d6efbfb925,1484.57
Berlin,Bangkok,2025-07-25,2025-07-27,01:14,21:14,6823a7fb17be1b0f5750c156,546.84
Mumbai,Melbourne,2025-07-29,2025-07-30,10:06,20:48,6823a7fb17be1b0f5750c156,1156.14
Rome,Chicago,2025-05-31,2025-06-02,09:38,00:28,68254481f0a705d6efbfb91f,1124.03
Beijing,Chicago,2025-05-21,2025-05-24,19:05,14:47,6823a7ed17be1b0f5750c153,1240.96
Tokyo,Madrid,2025-07-08,2025-07-11,05:52,10:13,68254481f0a705d6efbfb921,805.95
Singapore,Melbourne,2025-07-07,2025-07-07,05:38,01:10,68254481f0a705d6efbfb923,374.37
Rome,New York,2025-07-19,2025-07-20,05:39,06:37,6823a7fb17be1b0f5750c156,132.73
Dubai,Los Angeles,2025-05-18,2025-05-20,21:53,15:23,68254481f0a705d6efbfb91b,895.54
Mumbai,Singapore,2025-07-18,2025-07-19,00:33,16:03,6823a7fb17be1b0f5750c156,438.63
Sydney,Dubai,2025-07-23,2025-07-23,14:59,01:35,68254481f0a705d6efbfb91f,1415.07
Sydney,San Francisco,2025-07-07,2025-07-09,07:37,05:18,68254481f0a705d6efbfb91b,257.63
Bangkok,Beijing,2025-06-01,2025-06-01,14:06,11:32,6823a7ed17be1b0f5750c153,1088.26
Rome,Melbourne,2025-06-20,2025-06-22,21:00,11:35,68254481f0a705d6efbfb921,830.22
London,Mumbai,2025-07-05,2025-07-05,17:23,11:11,68254481f0a705d6efbfb91b,692.81
Toronto,Los Angeles,2025-05-25,2025-05-25,19:18,04:10,6823a7ed17be1b0f5750c153,1437.87
Mumbai,Singapore,2025-06-24,2025-06-25,14:35,04:05,68254481f0a705d6efbfb91f,1131.25
Paris,Chicago,2025-07-06,2025-07-06,02:54,23:39,68254481f0a705d6efbfb923,131.03
Berlin,London,2025-07-05,2025-07-05,12:35,12:06,68254481f0a705d6efbfb919,1203.0
Moscow,Sydney,2025-06-25,2025-06-25,09:02,17:12,6823a7ed17be1b0f5750c153,1289.46
San Francisco,Singapore,2025-05-18,2025-05-19,17:07,19:20,68254481f0a705d6efbfb921,1222.33
San Francisco,Singapore,2025-07-14,2025-07-15,08:35,11:25,68254481f0a705d6efbfb91f,1327.75
Madrid,London,2025-07-20,2025-07-22,18:23,02:42,68254481f0a705d6efbfb91b,249.66
New York,Sydney,2025-07-25,2025-07-25,19:20,08:42,68254481f0a705d6efbfb919,177.88
Bangkok,Moscow,2025-06-05,2025-06-05,16:20,17:08,68254481f0a705d6efbfb927,237.53
Moscow,Berlin,2025-07-15,2025-07-16,12:24,01:26,6823a7fb17be1b0f5750c156,1444.75
Bangkok,Chicago,2025-07-21,2025-07-24,01:55,17:10,68254481f0a705d6efbfb925,1412.65
Mumbai,San Francisco,2025-06-17,2025-06-17,10:52,22:29,6823a7fb17be1b0f5750c156,243.37
Mumbai,Seoul,2025-05-29,2025-05-31,14:17,01:19,68254481f0a705d6efbfb91b,513.9
Singapore,Paris,2025-06-20,2025-06-23,01:37,20:11,68254481f0a705d6efbfb91f,960.25
Bangkok,Paris,2025-06-26,2025-06-26,22:20,21:07,68254481f0a705d6efbfb927,1169.82
Moscow,Paris,2025-07-22,2025-07-24,11:52,16:39,68254481f0a705d6efbfb923,1423.52
London,Bangkok,2025-06-11,2025-06-12,13:50,07:32,6823a7fb17be1b0f5750c156,502.66
Dubai,New York,2025-07-07,2025-07-10,20:40,19:12,68254481f0a705d6efbfb919,533.81
Mumbai,London,2025-06-14,2025-06-15,01:00,16:34,68254481f0a705d6efbfb923,1260.6
Sydney,Moscow,2025-07-18,2025-07-21,12:09,04:27,68254481f0a705d6efbfb91d,361.97
Sydney,Toronto,2025-06-06,2025-06-08,06:12,15:36,68254481f0a705d6efbfb923,900.28
Melbourne,Singapore,2025-06-23,2025-06-24,03:25,09:45,68254481f0a705d6efbfb927,901.52
Madrid,Melbourne,2025-07-01,2025-07-02,19:49,23:39,68254481f0a705d6efbfb919,1058.48
Singapore,Madrid,2025-06-19,2025-06-19,10:03,14:48,68254481f0a705d6efbfb91f,1357.89
Madrid,Tokyo,2025-06-15,2025-06-15,21:38,21:02,68254481f0a705d6efbfb923,1262.66
Singapore,Rome,2025-05-20,2025-05-20,21:41,08:35,68254481f0a705d6efbfb91f,926.05
Seoul,Rome,2025-05-22,2025-05-25,11:37,13:20,68254481f0a705d6efbfb923,763.63
Toronto,Dubai,2025-06-06,2025-06-09,17:08,08:33,68254481f0a705d6efbfb923,245.64
Singapore,Melbourne,2025-06-02,2025-06-04,07:37,06:03,68254481f0a705d6efbfb921,156.38
Chicago,Singapore,2025-06-23,2025-06-26,15:04,19:15,68254481f0a705d6efbfb91f,570.9
London,Moscow,2025-06-07,2025-06-09,08:37,22:33,6823a7ed17be1b0f5750c153,1083.06
Mumbai,Moscow,2025-07-05,2025-07-07,21:22,21:51,68254481f0a705d6efbfb921,1397.11
Sydney,Singapore,2025-06-24,2025-06-24,04:44,21:44,68254481f0a705d6efbfb91f,270.89
Rome,Melbourne,2025-06-25,2025-06-28,11:26,06:12,68254481f0a705d6efbfb91d,1266.16
Berlin,Beijing,2025-07-17,2025-07-18,08:23,16:55,68254481f0a705d6efbfb91d,948.77
Seoul,Paris,2025-06-21,2025-06-23,16:36,19:25,68254481f0a705d6efbfb919,824.46
Los Angeles,Paris,2025-05-20,2025-05-23,22:47,18:34,68254481f0a705d6efbfb921,307.28
Singapore,Sydney,2025-07-24,2025-07-26,11:10,20:10,6823a7ed17be1b0f5750c153,756.64
New York,Madrid,2025-07-13,2025-07-15,21:24,01:31,68254481f0a705d6efbfb925,1267.54
Seoul,Sydney,2025-07-03,2025-07-04,05:49,17:57,6823a7fb17be1b0f5750c156,1140.66
Dubai,Rome,2025-05-27,2025-05-27,14:40,07:25,68254481f0a705d6efbfb91d,485.46
Tokyo,Chicago,2025-06-15,2025-06-17,00:22,05:43,6823a7ed17be1b0f5750c153,1084.6
San Francisco,Moscow,2025-07-11,2025-07-13,23:11,12:17,68254481f0a705d6efbfb925,1081.43
Tokyo,Mumbai,2025-05-22,2025-05-24,00:59,14:53,68254481f0a705d6efbfb921,1122.61
Toronto,Seoul,2025-07-27,2025-07-29,06:53,16:23,68254481f0a705d6efbfb923,899.35
Melbourne,Berlin,2025-06-17,2025-06-20,16:17,01:52,68254481f0a705d6efbfb927,651.45
Los Angeles,Singapore,2025-07-11,2025-07-12,22:19,08:22,68254481f0a705d6efbfb91d,112.01
Beijing,San Francisco,2025-05-19,2025-05-19,04:16,05:53,68254481f0a705d6efbfb921,1121.49
London,Moscow,2025-05-16,2025-05-16,12:00,14:36,68254481f0a705d6efbfb91d,1176.82
Madrid,Melbourne,2025-06-27,2025-06-28,20:00,10:15,68254481f0a705d6efbfb927,928.88
London,Chicago,2025-06-26,2025-06-29,22:13,18:35,68254481f0a705d6efbfb919,1278.67
Melbourne,Madrid,2025-06-25,2025-06-26,14:16,23:57,68254481f0a705d6efbfb921,1397.33
San Francisco,Tokyo,2025-06-12,2025-06-12,03:24,16:57,68254481f0a705d6efbfb921,1160.45
Toronto,Tokyo,2025-07-02,2025-07-02,01:38,09:54,68254481f0a705d6efbfb91d,319.99
Sydney,Beijing,2025-06-01,2025-06-04,05:05,01:17,68254481f0a705d6efbfb91b,1172.46
Seoul,Los Angeles,2025-07-17,2025-07-19,03:38,14:00,6823a7ed17be1b0f5750c153,924.66
Madrid,Paris,2025-07-19,2025-07-22,00:22,06:56,68254481f0a705d6efbfb923,367.38
Toronto,San Francisco,2025-06-29,2025-07-02,08:05,02:38,68254481f0a705d6efbfb921,798.15
San Francisco,Singapore,2025-06-10,2025-06-10,23:12,03:38,68254481f0a705d6efbfb91d,151.11
Mumbai,Melbourne,2025-07-19,2025-07-19,11:15,11:31,68254481f0a705d6efbfb91d,1242.21
Bangkok,Seoul,2025-07-12,2025-07-15,12:44,19:05,68254481f0a705d6efbfb923,224.56
Los Angeles,Paris,2025-06-27,2025-06-28,10:21,18:56,68254481f0a705d6efbfb919,629.47
Sydney,London,2025-05-22,2025-05-25,09:16,21:33,6823a7fb17be1b0f5750c156,321.43
Rome,Sydney,2025-07-01,2025-07-03,12:22,11:05,6823a7ed17be1b0f5750c153,1072.22
Toronto,Madrid,2025-06-25,2025-06-26,17:41,20:30,68254481f0a705d6efbfb923,311.43
Mumbai,Madrid,2025-06-10,2025-06-13,13:43,04:20,68254481f0a705d6efbfb91f,1013.87
Sydney,Madrid,2025-06-09,2025-06-09,06:17,22:26,6823a7ed17be1b0f5750c153,763.29
London,Chicago,2025-05-19,2025-05-21,08:17,04:09,68254481f0a705d6efbfb927,792.3
Sydney,Singapore,2025-06-04,2025-06-05,21:44,01:55,68254481f0a705d6efbfb923,528.68
Tokyo,Seoul,2025-07-11,2025-07-14,06:28,20:13,68254481f0a705d6efbfb927,1499.08
New York,Seoul,2025-07-26,2025-07-27,17:35,09:15,68254481f0a705d6efbfb923,179.04
San Francisco,London,2025-07-26,2025-07-26,22:20,18:29,6823a7ed17be1b0f5750c153,505.46
London,Paris,2025-07-23,2025-07-24,16:52,04:21,68254481f0a705d6efbfb91d,1194.41
Singapore,Sydney,2025-05-25,2025-05-26,10:40,19:45,68254481f0a705d6efbfb923,1390.9
Los Angeles,Moscow,2025-05-27,2025-05-28,13:03,12:24,68254481f0a705d6efbfb927,1484.66
Melbourne,Rome,2025-05-22,2025-05-25,23:13,02:08,68254481f0a705d6efbfb91f,238.98
Moscow,Chicago,2025-06-21,2025-06-22,21:31,14:15,68254481f0a705d6efbfb925,1179.56
Moscow,Beijing,2025-06-22,2025-06-22,19:05,19:40,68254481f0a705d6efbfb921,1087.65
Singapore,Rome,2025-06-01,2025-06-02,03:16,06:27,68254481f0a705d6efbfb925,1318.34
Berlin,Los Angeles,2025-07-07,2025-07-10,11:44,17:41,68254481f0a705d6efbfb923,1486.29
Berlin,Bangkok,2025-06-19,2025-06-19,02:52,04:18,68254481f0a705d6efbfb91d,752.83
Toronto,Sydney,2025-05-25,2025-05-26,15:44,02:41,68254481f0a705d6efbfb923,1162.99
Beijing,Madrid,2025-06-27,2025-06-28,00:22,03:57,68254481f0a705d6efbfb91f,248.55
Madrid,Paris,2025-05-28,2025-05-30,04:30,16:51,68254481f0a705d6efbfb91f,559.21
Mumbai,Seoul,2025-07-06,2025-07-06,17:18,22:01,68254481f0a705d6efbfb919,627.7
Paris,Chicago,2025-05-27,2025-05-29,23:15,10:43,68254481f0a705d6efbfb923,1484.09
Singapore,Toronto,2025-07-27,2025-07-28,10:05,20:39,68254481f0a705d6efbfb91d,161.94
Dubai,Berlin,2025-06-30,2025-06-30,02:59,06:10,68254481f0a705d6efbfb925,333.78
Mumbai,San Francisco,2025-05-31,2025-06-01,21:53,16:10,68254481f0a705d6efbfb919,1013.09
Berlin,London,2025-06-17,2025-06-17,13:45,11:48,68254481f0a705d6efbfb91b,648.01
Bangkok,Melbourne,2025-06-30,2025-07-02,11:29,05:00,68254481f0a705d6efbfb919,1204.69
Los Angeles,Toronto,2025-05-26,2025-05-27,00:24,02:20,68254481f0a705d6efbfb91b,862.85
Madrid,Beijing,2025-05-22,2025-05-22,08:25,05:37,68254481f0a705d6efbfb921,1490.93
Madrid,Los Angeles,2025-05-29,2025-05-30,17:38,13:58,68254481f0a705d6efbfb91f,270.32
New York,Tokyo,2025-05-17,2025-05-18,07:42,20:57,68254481f0a705d6efbfb91d,1138.41
Beijing,Dubai,2025-07-11,2025-07-13,03:22,01:00,6823a7ed17be1b0f5750c153,885.32
Dubai,Beijing,2025-07-23,2025-07-24,08:09,22:39,68254481f0a705d6efbfb91b,123.6
Berlin,London,2025-06-14,2025-06-16,19:05,19:15,6823a7fb17be1b0f5750c156,856.81
Beijing,Tokyo,2025-07-29,2025-07-30,04:55,18:54,6823a7fb17be1b0f5750c156,1011.93
Seoul,Los Angeles,2025-06-06,2025-06-06,02:59,15:26,68254481f0a705d6efbfb91f,463.28
Rome,Bangkok,2025-07-13,2025-07-15,13:04,21:26,6823a7ed17be1b0f5750c153,474.43
Chicago,London,2025-05-16,2025-05-16,03:52,23:03,68254481f0a705d6efbfb923,367.86
Melbourne,New York,2025-05-31,2025-06-02,03:14,05:22,6823a7ed17be1b0f5750c153,574.71
Sydney,Rome,2025-06-13,2025-06-14,10:19,03:37,68254481f0a705d6efbfb91f,1188.47
Bangkok,Los Angeles,2025-07-26,2025-07-26,14:56,10:48,68254481f0a705d6efbfb921,338.14
Mumbai,Berlin,2025-07-03,2025-07-03,19:50,00:23,68254481f0a705d6efbfb927,412.12
Moscow,Seoul,2025-07-25,2025-07-26,12:09,13:42,6823a7ed17be1b0f5750c153,1202.69
London,Moscow,2025-07-18,2025-07-19,12:13,02:13,68254481f0a705d6efbfb91d,676.55
New York,Mumbai,2025-07-08,2025-07-08,02:42,00:41,68254481f0a705d6efbfb921,784.75
Rome,Singapore,2025-06-09,2025-06-10,02:55,15:28,6823a7fb17be1b0f5750c156,509.12
Beijing,San Francisco,2025-05-16,2025-05-19,18:05,06:21,6823a7fb17be1b0f5750c156,454.08
Singapore,Bangkok,2025-07-28,2025-07-29,22:51,15:07,68254481f0a705d6efbfb923,115.26
Chicago,Madrid,2025-06-08,2025-06-09,04:33,21:36,68254481f0a705d6efbfb921,1430.67
Seoul,Melbourne,2025-05-18,2025-05-19,20:33,10:18,68254481f0a705d6efbfb925,334.92
Berlin,Sydney,2025-07-08,2025-07-08,15:58,05:19,68254481f0a705d6efbfb927,180.55
Dubai,San Francisco,2025-06-19,2025-06-19,09:59,09:49,68254481f0a705d6efbfb919,538.11
New York,Melbourne,2025-05-30,2025-05-31,06:12,10:37,68254481f0a705d6efbfb91d,341.06
Rome,Paris,2025-06-04,2025-06-05,03:48,04:04,68254481f0a705d6efbfb925,1141.76
Toronto,Tokyo,2025-07-28,2025-07-29,04:05,05:37,68254481f0a705d6efbfb91d,1152.22
Melbourne,Tokyo,2025-06-02,2025-06-04,08:25,11:04,68254481f0a705d6efbfb923,681.64
Tokyo,Dubai,2025-07-21,2025-07-23,19:12,17:23,6823a7fb17be1b0f5750c156,437.15
Mumbai,Toronto,2025-06-04,2025-06-04,20:56,13:03,6823a7ed17be1b0f5750c153,828.75
Madrid,Toronto,2025-05-25,2025-05-26,13:56,03:26,68254481f0a705d6efbfb91b,1169.64
San Francisco,Sydney,2025-06-24,2025-06-24,00:59,23:45,6823a7ed17be1b0f5750c153,1357.49
Moscow,New York,2025-06-27,2025-06-29,01:57,23:59,68254481f0a705d6efbfb923,1031.97
Bangkok,Los Angeles,2025-05-24,2025-05-24,14:10,17:25,68254481f0a705d6efbfb923,1160.59
Bangkok,Seoul,2025-07-23,2025-07-26,17:28,10:18,68254481f0a705d6efbfb91f,1103.13
Beijing,Singapore,2025-07-24,2025-07-26,07:50,18:43,68254481f0a705d6efbfb921,1203.52
Bangkok,Seoul,2025-06-12,2025-06-14,06:45,23:37,68254481f0a705d6efbfb925,768.0
Madrid,Seoul,2025-06-10,2025-06-10,14:01,07:54,68254481f0a705d6efbfb919,640.67
Mumbai,London,2025-05-27,2025-05-29,20:42,19:17,68254481f0a705d6efbfb923,1475.99
Singapore,Toronto,2025-07-22,2025-07-25,00:54,08:42,68254481f0a705d6efbfb919,1249.82
Madrid,Paris,2025-06-22,2025-06-24,13:53,14:35,68254481f0a705d6efbfb925,1092.88
Paris,Melbourne,2025-06-07,2025-06-10,18:56,00:39,68254481f0a705d6efbfb923,665.78
Berlin,Beijing,2025-06-08,2025-06-11,13:42,21:49,68254481f0a705d6efbfb91d,223.48
Seoul,Singapore,2025-07-18,2025-07-18,11:22,08:02,68254481f0a705d6efbfb91b,248.85
Beijing,Los Angeles,2025-07-02,2025-07-05,09:44,04:44,68254481f0a705d6efbfb923,555.04
Moscow,Melbourne,2025-06-22,2025-06-25,10:07,21:41,6823a7ed17be1b0f5750c153,1068.87
Berlin,Tokyo,2025-06-14,2025-06-16,00:10,20:47,68254481f0a705d6efbfb91b,182.09
Singapore,Chicago,2025-07-27,2025-07-29,10:12,00:39,68254481f0a705d6efbfb91f,201.54
Melbourne,Singapore,2025-07-17,2025-07-20,10:04,20:20,68254481f0a705d6efbfb927,1102.34
Singapore,London,2025-06-18,2025-06-21,09:59,16:42,68254481f0a705d6efbfb91f,583.48
Toronto,London,2025-05-21,2025-05-24,19:03,03:01,68254481f0a705d6efbfb91b,116.18
Bangkok,Singapore,2025-07-06,2025-07-07,21:31,12:19,6823a7ed17be1b0f5750c153,1475.82
Toronto,San Francisco,2025-06-03,2025-06-05,10:58,19:48,6823a7ed17be1b0f5750c153,781.25
New York,Toronto,2025-07-18,2025-07-20,09:52,05:24,6823a7fb17be1b0f5750c156,911.94
Rome,Berlin,2025-07-16,2025-07-17,03:30,11:00,6823a7ed17be1b0f5750c153,243.23
Tokyo,Paris,2025-07-19,2025-07-19,08:39,00:34,6823a7ed17be1b0f5750c153,106.04
Berlin,Paris,2025-07-05,2025-07-08,17:43,11:21,68254481f0a705d6efbfb921,860.15
Chicago,Seoul,2025-07-13,2025-07-15,10:39,09:42,68254481f0a705d6efbfb923,821.07
Tokyo,Toronto,2025-07-11,2025-07-11,23:20,12:04,68254481f0a705d6efbfb91d,369.34
Bangkok,Beijing,2025-05-29,2025-05-31,11:08,08:30,68254481f0a705d6efbfb927,1474.29
Chicago,Berlin,2025-06-14,2025-06-16,05:15,06:41,68254481f0a705d6efbfb91d,582.18
Dubai,Toronto,2025-05-17,2025-05-20,10:36,03:33,68254481f0a705d6efbfb921,645.84
Beijing,Berlin,2025-07-01,2025-07-04,13:12,12:41,68254481f0a705d6efbfb921,314.3
Paris,Seoul,2025-07-07,2025-07-10,06:18,06:42,68254481f0a705d6efbfb91d,358.3
Melbourne,Mumbai,2025-06-15,2025-06-17,03:20,05:17,6823a7ed17be1b0f5750c153,399.04
Singapore,Berlin,2025-05-28,2025-05-28,08:31,22:16,68254481f0a705d6efbfb91d,1337.34
Dubai,London,2025-05-30,2025-05-31,19:59,18:34,6823a7ed17be1b0f5750c153,411.9
Bangkok,Rome,2025-05-29,2025-05-30,00:45,14:10,6823a7fb17be1b0f5750c156,739.33
Beijing,Dubai,2025-06-24,2025-06-24,16:55,01:18,6823a7ed17be1b0f5750c153,685.28
Moscow,Seoul,2025-06-07,2025-06-08,23:06,08:39,68254481f0a705d6efbfb923,929.79
Madrid,Rome,2025-06-24,2025-06-24,05:19,03:32,68254481f0a705d6efbfb91f,1107.57
Melbourne,Sydney,2025-05-20,2025-05-20,22:31,07:08,68254481f0a705d6efbfb923,114.24
London,Madrid,2025-05-18,2025-05-18,13:33,21:46,68254481f0a705d6efbfb91d,129.95
Madrid,Melbourne,2025-07-16,2025-07-18,21:00,23:39,68254481f0a705d6efbfb921,850.54
Chicago,Bangkok,2025-06-24,2025-06-25,02:19,21:41,6823a7ed17be1b0f5750c153,955.34
Toronto,Bangkok,2025-06-15,2025-06-15,02:08,21:01,6823a7ed17be1b0f5750c153,123.23
Beijing,Tokyo,2025-06-18,2025-06-20,14:20,06:07,68254481f0a705d6efbfb91d,1194.24
New York,London,2025-06-15,2025-06-17,16:54,05:10,68254481f0a705d6efbfb927,1145.01
Beijing,Berlin,2025-07-23,2025-07-25,22:30,02:56,68254481f0a705d6efbfb91d,1289.81
London,Chicago,2025-06-28,2025-06-30,07:37,15:20,68254481f0a705d6efbfb919,108.64
New York,Melbourne,2025-06-13,2025-06-13,06:38,17:15,68254481f0a705d6efbfb919,208.42
Moscow,New York,2025-06-29,2025-07-02,01:35,11:23,68254481f0a705d6efbfb91d,279.69
Melbourne,Tokyo,2025-06-07,2025-06-09,10:43,17:08,6823a7fb17be1b0f5750c156,1063.3
Madrid,Chicago,2025-07-27,2025-07-29,19:02,12:12,68254481f0a705d6efbfb91d,934.42
Paris,Dubai,2025-06-08,2025-06-09,18:19,10:02,68254481f0a705d6efbfb921,1209.98
Sydney,Dubai,2025-07-29,2025-07-30,06:01,09:41,68254481f0a705d6efbfb927,219.46
Toronto,Madrid,2025-07-03,2025-07-06,02:42,08:41,68254481f0a705d6efbfb925,1124.38
Berlin,Madrid,2025-06-05,2025-06-06,07:35,05:43,68254481f0a705d6efbfb91b,419.19
Bangkok,Mumbai,2025-06-30,2025-07-01,20:48,10:13,6823a7ed17be1b0f5750c153,374.76
Singapore,Berlin,2025-07-09,2025-07-09,08:39,22:16,68254481f0a705d6efbfb921,766.38
San Francisco,Seoul,2025-07-27,2025-07-30,00:59,07:07,68254481f0a705d6efbfb925,929.59
Tokyo,Singapore,2025-06-12,2025-06-15,01:07,21:48,6823a7ed17be1b0f5750c153,1458.04
Seoul,Los Angeles,2025-06-22,2025-06-23,06:36,13:54,68254481f0a705d6efbfb927,321.73
New York,Toronto,2025-07-05,2025-07-06,19:27,21:30,68254481f0a705d6efbfb925,1398.67
Paris,Toronto,2025-06-22,2025-06-25,21:13,23:09,68254481f0a705d6efbfb923,505.35
Tokyo,Rome,2025-06-17,2025-06-17,06:35,09:46,68254481f0a705d6efbfb925,991.15
Madrid,Sydney,2025-06-12,2025-06-14,06:49,22:57,6823a7fb17be1b0f5750c156,261.14
Paris,Madrid,2025-06-26,2025-06-28,00:08,21:33,68254481f0a705d6efbfb919,968.93
New York,Tokyo,2025-06-25,2025-06-28,00:50,10:33,68254481f0a705d6efbfb927,1195.26
Madrid,Bangkok,2025-07-21,2025-07-24,14:33,21:07,68254481f0a705d6efbfb91d,827.16
Beijing,Sydney,2025-07-18,2025-07-21,04:39,00:43,68254481f0a705d6efbfb91f,1166.27
San Francisco,Bangkok,2025-07-02,2025-07-04,13:53,14:01,68254481f0a705d6efbfb91d,746.07
Madrid,San Francisco,2025-06-17,2025-06-20,12:20,21:59,6823a7fb17be1b0f5750c156,885.17
Berlin,Madrid,2025-06-29,2025-07-02,10:34,03:29,68254481f0a705d6efbfb91d,1074.28
San Francisco,Chicago,2025-07-12,2025-07-15,03:05,22:32,68254481f0a705d6efbfb925,419.96
Melbourne,Paris,2025-07-22,2025-07-22,03:09,07:17,68254481f0a705d6efbfb925,182.89
Singapore,London,2025-06-13,2025-06-13,19:22,10:54,68254481f0a705d6efbfb925,582.72
Chicago,San Francisco,2025-07-29,2025-07-29,08:05,18:32,6823a7ed17be1b0f5750c153,377.68
London,Tokyo,2025-05-30,2025-05-30,01:58,11:46,6823a7fb17be1b0f5750c156,1395.67
London,Sydney,2025-07-23,2025-07-23,08:58,06:00,6823a7ed17be1b0f5750c153,1140.95
Seoul,Chicago,2025-07-09,2025-07-12,06:42,00:14,68254481f0a705d6efbfb919,785.34
Bangkok,Moscow,2025-05-28,2025-05-30,10:16,06:23,6823a7fb17be1b0f5750c156,740.8
Bangkok,San Francisco,2025-07-23,2025-07-23,02:08,15:00,68254481f0a705d6efbfb927,612.64
Melbourne,Singapore,2025-05-29,2025-05-31,12:46,06:14,68254481f0a705d6efbfb927,121.34
Melbourne,Rome,2025-07-28,2025-07-30,00:10,04:12,68254481f0a705d6efbfb91b,1383.3
Moscow,San Francisco,2025-07-23,2025-07-25,11:33,19:22,68254481f0a705d6efbfb927,1192.63
Bangkok,Rome,2025-06-11,2025-06-13,17:20,22:13,68254481f0a705d6efbfb91d,1427.88
Beijing,San Francisco,2025-05-18,2025-05-19,02:20,02:32,6823a7fb17be1b0f5750c156,1230.34
Chicago,Toronto,2025-07-06,2025-07-07,07:41,06:30,68254481f0a705d6efbfb91f,916.2
Dubai,Tokyo,2025-05-30,2025-05-31,06:14,05:06,68254481f0a705d6efbfb923,237.78
Mumbai,Bangkok,2025-06-20,2025-06-22,19:56,21:10,68254481f0a705d6efbfb91d,1260.64
Mumbai,Rome,2025-06-06,2025-06-08,01:08,13:56,68254481f0a705d6efbfb91f,720.4
Tokyo,Melbourne,2025-07-14,2025-07-17,20:23,03:53,68254481f0a705d6efbfb927,439.4
London,Rome,2025-06-28,2025-06-30,22:49,04:52,68254481f0a705d6efbfb91f,461.96
Los Angeles,Madrid,2025-06-20,2025-06-22,09:34,20:37,6823a7ed17be1b0f5750c153,699.33
Toronto,Bangkok,2025-06-09,2025-06-12,03:40,18:37,68254481f0a705d6efbfb91d,862.97
London,Toronto,2025-07-12,2025-07-14,01:39,01:53,68254481f0a705d6efbfb927,1196.94
Beijing,Bangkok,2025-05-22,2025-05-24,22:41,03:29,68254481f0a705d6efbfb91f,1023.42
Paris,Los Angeles,2025-07-21,2025-07-24,10:59,11:45,68254481f0a705d6efbfb91f,1371.21
Madrid,Chicago,2025-07-05,2025-07-07,21:14,14:39,68254481f0a705d6efbfb927,597.1
London,New York,2025-07-16,2025-07-19,10:33,13:01,68254481f0a705d6efbfb925,1238.77
London,Chicago,2025-05-27,2025-05-29,13:14,06:20,68254481f0a705d6efbfb91b,128.29
Seoul,San Francisco,2025-07-22,2025-07-23,00:29,09:04,68254481f0a705d6efbfb921,1213.81
Moscow,Berlin,2025-06-06,2025-06-09,09:23,16:53,68254481f0a705d6efbfb927,1160.52
Singapore,Tokyo,2025-06-14,2025-06-17,21:37,20:02,68254481f0a705d6efbfb91b,1083.26
Rome,San Francisco,2025-06-24,2025-06-25,12:37,07:49,6823a7fb17be1b0f5750c156,1457.42
Rome,Paris,2025-06-06,2025-06-07,00:20,00:24,68254481f0a705d6efbfb923,1237.02
Madrid,Paris,2025-06-08,2025-06-08,20:38,01:22,68254481f0a705d6efbfb925,851.43
Moscow,Chicago,2025-07-16,2025-07-19,19:54,14:31,6823a7fb17be1b0f5750c156,267.09
Melbourne,Toronto,2025-07-02,2025-07-05,01:51,15:42,68254481f0a705d6efbfb91d,981.04
New York,London,2025-06-03,2025-06-03,05:24,11:27,68254481f0a705d6efbfb91d,1201.38
Dubai,Bangkok,2025-06-09,2025-06-12,15:31,01:57,68254481f0a705d6efbfb919,916.15
Toronto,New York,2025-06-09,2025-06-10,08:55,12:50,68254481f0a705d6efbfb91d,216.91
Beijing,Toronto,2025-05-28,2025-05-28,08:54,19:42,68254481f0a705d6efbfb925,293.49
Chicago,Seoul,2025-07-05,2025-07-07,21:37,01:07,6823a7fb17be1b0f5750c156,876.03
Moscow,Singapore,2025-07-25,2025-07-25,06:06,18:14,68254481f0a705d6efbfb927,892.92
New York,Bangkok,2025-06-30,2025-07-02,16:53,19:08,68254481f0a705d6efbfb919,763.05
Berlin,Melbourne,2025-05-22,2025-05-23,00:22,16:40,68254481f0a705d6efbfb925,709.53
Dubai,New York,2025-05-26,2025-05-27,00:00,05:07,68254481f0a705d6efbfb91f,688.56
Moscow,Paris,2025-05-30,2025-05-30,04:02,08:04,68254481f0a705d6efbfb91d,635.55
Mumbai,Moscow,2025-05-27,2025-05-28,22:12,15:04,68254481f0a705d6efbfb91b,742.41
Rome,Berlin,2025-07-11,2025-07-13,17:03,14:13,6823a7fb17be1b0f5750c156,999.75
Chicago,San Francisco,2025-06-15,2025-06-18,11:25,00:26,6823a7fb17be1b0f5750c156,888.02
Los Angeles,Tokyo,2025-07-12,2025-07-14,21:56,20:16,6823a7fb17be1b0f5750c156,431.78
Berlin,Dubai,2025-05-29,2025-06-01,08:27,12:47,68254481f0a705d6efbfb921,196.51
Madrid,Los Angeles,2025-07-07,2025-07-08,01:50,16:42,68254481f0a705d6efbfb91b,883.44
Madrid,Berlin,2025-07-15,2025-07-17,02:08,02:35,68254481f0a705d6efbfb91f,1446.43
Berlin,Los Angeles,2025-06-02,2025-06-05,11:07,10:25,68254481f0a705d6efbfb91f,864.35
Melbourne,Tokyo,2025-06-26,2025-06-26,03:24,22:55,68254481f0a705d6efbfb91f,1190.98
Dubai,Berlin,2025-06-25,2025-06-25,09:22,13:12,6823a7ed17be1b0f5750c153,741.33
Tokyo,Seoul,2025-07-19,2025-07-20,17:44,23:54,68254481f0a705d6efbfb91b,1412.88
Sydney,Seoul,2025-06-18,2025-06-18,07:48,15:20,68254481f0a705d6efbfb921,208.36
London,Beijing,2025-05-16,2025-05-18,12:42,10:55,68254481f0a705d6efbfb91b,419.39
Toronto,Dubai,2025-06-26,2025-06-26,15:41,05:29,68254481f0a705d6efbfb91b,867.65
Berlin,Rome,2025-06-23,2025-06-26,16:57,10:15,68254481f0a705d6efbfb927,1224.41
Los Angeles,Toronto,2025-07-16,2025-07-17,09:08,18:23,6823a7fb17be1b0f5750c156,1076.0
Rome,Los Angeles,2025-05-28,2025-05-28,12:30,00:49,68254481f0a705d6efbfb91f,758.95
Bangkok,Los Angeles,2025-06-10,2025-06-10,21:39,13:32,68254481f0a705d6efbfb91f,1087.19
Seoul,Madrid,2025-07-15,2025-07-16,05:34,11:11,68254481f0a705d6efbfb91d,1286.33
Chicago,Rome,2025-06-02,2025-06-03,20:49,12:34,68254481f0a705d6efbfb91d,1256.83
Berlin,Moscow,2025-06-27,2025-06-27,05:18,17:40,68254481f0a705d6efbfb91b,1366.29
Bangkok,London,2025-05-21,2025-05-22,13:18,21:43,68254481f0a705d6efbfb925,877.88
Dubai,Singapore,2025-07-05,2025-07-07,00:52,01:21,68254481f0a705d6efbfb91f,1198.6
San Francisco,Berlin,2025-05-22,2025-05-25,10:25,19:06,68254481f0a705d6efbfb91f,720.86
Toronto,Seoul,2025-06-24,2025-06-27,12:37,23:53,68254481f0a705d6efbfb925,1181.48
Dubai,Singapore,2025-07-14,2025-07-14,16:59,10:29,6823a7ed17be1b0f5750c153,1182.16
London,Moscow,2025-07-04,2025-07-06,13:45,22:16,68254481f0a705d6efbfb925,469.52
San Francisco,Mumbai,2025-07-08,2025-07-11,07:29,23:40,68254481f0a705d6efbfb91f,699.99
Seoul,Tokyo,2025-05-20,2025-05-22,13:22,09:32,68254481f0a705d6efbfb925,546.99
Bangkok,Madrid,2025-06-27,2025-06-29,01:41,01:16,68254481f0a705d6efbfb921,879.27
Seoul,Berlin,2025-07-17,2025-07-17,21:14,03:41,68254481f0a705d6efbfb919,1060.11
Dubai,San Francisco,2025-05-31,2025-05-31,20:40,22:03,68254481f0a705d6efbfb91f,647.82
Singapore,Toronto,2025-05-24,2025-05-26,12:45,12:34,68254481f0a705d6efbfb91d,295.78
Toronto,Chicago,2025-07-19,2025-07-22,17:08,09:56,68254481f0a705d6efbfb91b,655.87
New York,Paris,2025-05-24,2025-05-25,18:25,17:03,68254481f0a705d6efbfb91f,1091.79
Tokyo,Madrid,2025-07-11,2025-07-11,08:42,12:54,68254481f0a705d6efbfb91b,1304.1
Chicago,Tokyo,2025-06-19,2025-06-19,12:47,06:06,6823a7ed17be1b0f5750c153,369.46
Rome,Berlin,2025-06-05,2025-06-06,18:39,14:41,68254481f0a705d6efbfb91b,1142.63
Toronto,Mumbai,2025-07-11,2025-07-14,19:09,14:19,68254481f0a705d6efbfb925,1401.42
Los Angeles,Seoul,2025-06-24,2025-06-24,04:35,11:38,68254481f0a705d6efbfb925,1430.93
Tokyo,Mumbai,2025-07-12,2025-07-14,03:14,02:02,6823a7ed17be1b0f5750c153,1278.56
Toronto,Chicago,2025-06-06,2025-06-06,19:01,21:35,68254481f0a705d6efbfb921,1366.88
Los Angeles,Toronto,2025-07-25,2025-07-25,09:44,00:21,68254481f0a705d6efbfb921,519.85
Singapore,Rome,2025-06-07,2025-06-09,23:23,15:00,68254481f0a705d6efbfb91d,831.92
Chicago,Berlin,2025-05-25,2025-05-25,16:31,23:11,68254481f0a705d6efbfb919,414.68
Madrid,Beijing,2025-07-26,2025-07-28,00:06,01:31,68254481f0a705d6efbfb925,550.63
Tokyo,Rome,2025-07-24,2025-07-27,12:18,23:55,68254481f0a705d6efbfb923,1361.53
Chicago,San Francisco,2025-07-21,2025-07-22,06:19,17:04,68254481f0a705d6efbfb919,1024.19
Mumbai,Bangkok,2025-07-17,2025-07-19,03:56,17:15,68254481f0a705d6efbfb91d,1164.8
Singapore,Tokyo,2025-06-16,2025-06-16,21:30,23:03,68254481f0a705d6efbfb927,896.11
New York,Sydney,2025-05-30,2025-05-31,22:31,08:42,68254481f0a705d6efbfb923,362.79
Beijing,London,2025-07-04,2025-07-06,02:20,15:31,6823a7fb17be1b0f5750c156,1398.47
Toronto,Rome,2025-05-28,2025-05-30,17:46,19:56,68254481f0a705d6efbfb91f,1438.44
Melbourne,New York,2025-07-01,2025-07-01,14:36,17:07,68254481f0a705d6efbfb91b,669.08
Toronto,Melbourne,2025-06-22,2025-06-22,23:28,10:47,68254481f0a705d6efbfb927,130.25
Los Angeles,Mumbai,2025-06-21,2025-06-24,03:18,23:34,68254481f0a705d6efbfb919,1288.93
Chicago,New York,2025-07-14,2025-07-14,07:30,03:57,68254481f0a705d6efbfb927,797.02
Singapore,San Francisco,2025-05-22,2025-05-23,20:25,17:00,68254481f0a705d6efbfb923,1300.86
New York,Dubai,2025-05-16,2025-05-16,11:41,04:25,6823a7fb17be1b0f5750c156,192.27
Berlin,San Francisco,2025-07-22,2025-07-23,15:29,08:36,68254481f0a705d6efbfb91b,274.67
Dubai,New York,2025-06-19,2025-06-21,13:26,02:09,68254481f0a705d6efbfb91f,219.14
Beijing,Mumbai,2025-05-31,2025-05-31,06:46,10:21,6823a7fb17be1b0f5750c156,799.7
Moscow,Paris,2025-07-01,2025-07-01,03:43,01:55,68254481f0a705d6efbfb927,1464.73
Sydney,Bangkok,2025-07-03,2025-07-04,21:19,00:07,68254481f0a705d6efbfb923,1451.16
Paris,Tokyo,2025-07-27,2025-07-27,09:58,06:48,6823a7ed17be1b0f5750c153,814.59
San Francisco,Berlin,2025-07-26,2025-07-29,12:44,21:01,68254481f0a705d6efbfb91b,1214.35
Bangkok,Dubai,2025-07-22,2025-07-25,01:25,05:52,68254481f0a705d6efbfb91d,823.06
San Francisco,Berlin,2025-06-12,2025-06-15,09:29,02:05,68254481f0a705d6efbfb925,216.59
Rome,Beijing,2025-05-17,2025-05-20,23:08,04:20,68254481f0a705d6efbfb919,130.7
Seoul,Chicago,2025-07-24,2025-07-27,15:20,08:46,6823a7ed17be1b0f5750c153,1383.1
Paris,New York,2025-07-25,2025-07-26,07:00,18:17,68254481f0a705d6efbfb927,1450.01
New York,Berlin,2025-07-17,2025-07-18,17:23,02:44,68254481f0a705d6efbfb925,252.11
Tokyo,Mumbai,2025-07-26,2025-07-28,10:19,01:16,68254481f0a705d6efbfb919,1220.32
Madrid,San Francisco,2025-06-04,2025-06-06,00:23,07:31,6823a7ed17be1b0f5750c153,937.22
Paris,Chicago,2025-06-16,2025-06-17,01:52,09:46,68254481f0a705d6efbfb921,1381.39
Toronto,Sydney,2025-07-10,2025-07-12,01:10,10:32,68254481f0a705d6efbfb927,124.07
Rome,Berlin,2025-05-26,2025-05-26,16:21,00:01,68254481f0a705d6efbfb921,566.15
Rome,San Francisco,2025-06-10,2025-06-11,04:11,13:58,68254481f0a705d6efbfb919,1188.88
Beijing,Tokyo,2025-05-17,2025-05-18,10:09,00:59,68254481f0a705d6efbfb921,1156.58
Singapore,Toronto,2025-07-21,2025-07-23,05:46,14:13,68254481f0a705d6efbfb925,1463.4
Moscow,Madrid,2025-06-07,2025-06-10,03:40,00:23,68254481f0a705d6efbfb927,1292.25
Rome,Melbourne,2025-05-19,2025-05-22,06:14,20:20,68254481f0a705d6efbfb91b,1276.29
Madrid,London,2025-07-26,2025-07-28,02:59,13:46,6823a7ed17be1b0f5750c153,884.2
Los Angeles,Seoul,2025-06-21,2025-06-23,13:59,17:52,68254481f0a705d6efbfb923,427.09
Chicago,Mumbai,2025-06-06,2025-06-07,06:23,05:21,68254481f0a705d6efbfb921,525.78
Rome,Dubai,2025-06-30,2025-06-30,20:25,18:49,68254481f0a705d6efbfb91b,808.25
London,Tokyo,2025-07-02,2025-07-03,03:57,16:30,68254481f0a705d6efbfb919,796.13
San Francisco,Toronto,2025-06-07,2025-06-08,17:22,03:33,68254481f0a705d6efbfb91b,673.97
Bangkok,Paris,2025-06-09,2025-06-11,05:59,13:39,68254481f0a705d6efbfb925,1386.12
Rome,Dubai,2025-07-16,2025-07-16,16:25,01:03,68254481f0a705d6efbfb923,1433.48
Berlin,Tokyo,2025-07-05,2025-07-05,00:08,03:18,68254481f0a705d6efbfb91b,859.7
Rome,Beijing,2025-06-19,2025-06-19,21:41,21:35,6823a7fb17be1b0f5750c156,1266.46
Paris,Mumbai,2025-06-02,2025-06-04,16:02,11:05,6823a7ed17be1b0f5750c153,1380.11
Chicago,Berlin,2025-05-18,2025-05-21,16:38,04:49,68254481f0a705d6efbfb921,1446.36
Madrid,Chicago,2025-06-28,2025-06-30,10:28,20:30,68254481f0a705d6efbfb927,247.74
San Francisco,Mumbai,2025-07-27,2025-07-30,12:04,15:27,68254481f0a705d6efbfb927,1466.31
Dubai,Toronto,2025-06-05,2025-06-08,05:56,02:16,68254481f0a705d6efbfb925,994.06
Tokyo,Dubai,2025-06-17,2025-06-18,10:51,17:42,68254481f0a705d6efbfb919,886.72
Sydney,San Francisco,2025-06-11,2025-06-14,06:22,07:59,6823a7ed17be1b0f5750c153,1353.28
Rome,Melbourne,2025-05-18,2025-05-19,12:10,01:55,68254481f0a705d6efbfb925,827.66
San Francisco,Berlin,2025-06-25,2025-06-26,03:41,21:42,68254481f0a705d6efbfb919,119.76
Moscow,London,2025-06-23,2025-06-24,04:28,01:09,68254481f0a705d6efbfb919,798.28
Dubai,Madrid,2025-05-18,2025-05-21,22:51,02:32,68254481f0a705d6efbfb925,900.18
Rome,Mumbai,2025-06-12,2025-06-14,15:20,21:23,68254481f0a705d6efbfb927,567.28
Dubai,San Francisco,2025-05-22,2025-05-24,11:53,05:02,68254481f0a705d6efbfb91d,1164.77
San Francisco,Tokyo,2025-05-20,2025-05-20,20:35,23:38,68254481f0a705d6efbfb925,399.26
Toronto,New York,2025-05-24,2025-05-25,22:27,02:57,68254481f0a705d6efbfb91f,1325.77
Sydney,Chicago,2025-05-28,2025-05-29,02:39,00:11,68254481f0a705d6efbfb91d,439.08
Los Angeles,Rome,2025-07-24,2025-07-26,01:24,21:31,68254481f0a705d6efbfb923,516.77
Seoul,London,2025-06-30,2025-07-02,19:11,23:30,6823a7fb17be1b0f5750c156,511.13
London,Mumbai,2025-07-12,2025-07-12,21:38,22:44,68254481f0a705d6efbfb91d,1417.12
Singapore,Dubai,2025-07-12,2025-07-14,06:39,20:52,6823a7ed17be1b0f5750c153,165.79
Toronto,Seoul,2025-06-16,2025-06-17,16:46,22:29,6823a7ed17be1b0f5750c153,249.09
Mumbai,Beijing,2025-06-26,2025-06-26,06:58,02:53,68254481f0a705d6efbfb927,555.23
Seoul,Berlin,2025-06-08,2025-06-10,09:19,14:26,6823a7fb17be1b0f5750c156,1406.1
Beijing,Madrid,2025-07-27,2025-07-30,10:25,02:44,68254481f0a705d6efbfb921,640.14
Los Angeles,Beijing,2025-06-28,2025-07-01,16:57,02:01,6823a7fb17be1b0f5750c156,334.95
Singapore,Bangkok,2025-07-24,2025-07-25,12:09,22:01,6823a7fb17be1b0f5750c156,749.66
Los Angeles,Paris,2025-05-22,2025-05-25,08:20,10:25,6823a7fb17be1b0f5750c156,1322.29
Sydney,Toronto,2025-05-16,2025-05-19,12:24,07:23,68254481f0a705d6efbfb923,1017.46
Seoul,Singapore,2025-07-02,2025-07-03,14:54,09:51,68254481f0a705d6efbfb919,1235.65
Los Angeles,Sydney,2025-06-14,2025-06-15,04:42,00:27,68254481f0a705d6efbfb91f,715.08
Seoul,Sydney,2025-06-25,2025-06-25,14:04,11:36,68254481f0a705d6efbfb91b,1053.46
Seoul,Mumbai,2025-06-10,2025-06-12,21:00,15:38,68254481f0a705d6efbfb923,1452.21
Beijing,Mumbai,2025-05-29,2025-05-29,11:22,03:44,68254481f0a705d6efbfb919,723.1
Toronto,New York,2025-06-05,2025-06-05,16:06,14:57,68254481f0a705d6efbfb927,479.21
Sydney,Beijing,2025-07-24,2025-07-25,22:47,13:53,68254481f0a705d6efbfb923,474.02
Chicago,Berlin,2025-05-17,2025-05-20,19:04,08:55,68254481f0a705d6efbfb925,511.22
Beijing,Mumbai,2025-07-25,2025-07-25,16:55,23:03,68254481f0a705d6efbfb919,508.73
Dubai,London,2025-06-24,2025-06-27,19:45,04:48,68254481f0a705d6efbfb91b,618.92
San Francisco,Berlin,2025-07-15,2025-07-17,21:55,10:05,68254481f0a705d6efbfb927,616.78
Madrid,San Francisco,2025-06-27,2025-06-27,02:51,15:37,68254481f0a705d6efbfb91f,1117.19
San Francisco,Moscow,2025-06-20,2025-06-21,13:43,01:27,68254481f0a705d6efbfb919,1014.67
Chicago,Toronto,2025-07-21,2025-07-22,19:38,22:46,68254481f0a705d6efbfb927,1415.48
Singapore,Moscow,2025-07-26,2025-07-28,12:39,16:28,68254481f0a705d6efbfb919,901.4
Madrid,Seoul,2025-06-16,2025-06-19,04:48,11:41,68254481f0a705d6efbfb927,536.64
Mumbai,Berlin,2025-06-02,2025-06-04,15:00,08:05,68254481f0a705d6efbfb925,112.39
Melbourne,Los Angeles,2025-06-02,2025-06-04,14:12,02:20,68254481f0a705d6efbfb925,1475.5
Toronto,Moscow,2025-07-20,2025-07-21,06:21,18:32,68254481f0a705d6efbfb925,370.37
Seoul,Beijing,2025-06-11,2025-06-14,07:45,03:00,68254481f0a705d6efbfb923,1494.51
Toronto,Sydney,2025-07-12,2025-07-12,17:16,20:46,68254481f0a705d6efbfb923,293.59
Melbourne,Bangkok,2025-05-29,2025-05-29,16:03,05:58,6823a7ed17be1b0f5750c153,1205.67
San Francisco,Melbourne,2025-06-09,2025-06-12,17:21,11:10,68254481f0a705d6efbfb91d,1427.56
San Francisco,Moscow,2025-05-23,2025-05-24,22:26,23:15,68254481f0a705d6efbfb925,423.02
Tokyo,Chicago,2025-07-08,2025-07-11,15:26,17:14,68254481f0a705d6efbfb91b,317.73
Moscow,San Francisco,2025-06-19,2025-06-21,18:43,13:47,68254481f0a705d6efbfb91d,806.91
Rome,Bangkok,2025-05-16,2025-05-18,04:26,07:58,6823a7ed17be1b0f5750c153,185.84
Berlin,Sydney,2025-06-16,2025-06-18,14:21,03:42,68254481f0a705d6efbfb91b,1145.8
Moscow,Bangkok,2025-07-01,2025-07-03,05:09,10:07,68254481f0a705d6efbfb923,589.41
Paris,Rome,2025-05-16,2025-05-18,21:47,20:51,68254481f0a705d6efbfb927,1418.63
Moscow,Chicago,2025-05-29,2025-06-01,09:31,19:45,68254481f0a705d6efbfb923,258.76
Dubai,Los Angeles,2025-06-21,2025-06-23,05:23,18:50,68254481f0a705d6efbfb91b,161.37
New York,Madrid,2025-06-03,2025-06-05,10:13,11:58,68254481f0a705d6efbfb919,115.41
Singapore,Toronto,2025-05-18,2025-05-20,11:03,10:36,68254481f0a705d6efbfb927,373.84
Toronto,Bangkok,2025-05-18,2025-05-18,06:05,15:02,68254481f0a705d6efbfb91b,1268.31
Melbourne,London,2025-07-19,2025-07-21,08:38,12:21,68254481f0a705d6efbfb925,893.83
Paris,Rome,2025-05-26,2025-05-27,08:42,21:23,68254481f0a705d6efbfb919,673.37
Los Angeles,San Francisco,2025-07-20,2025-07-22,20:01,10:46,68254481f0a705d6efbfb91b,122.29
Beijing,Los Angeles,2025-06-13,2025-06-15,01:16,21:49,68254481f0a705d6efbfb927,670.13
New York,Madrid,2025-06-12,2025-06-13,17:57,04:31,68254481f0a705d6efbfb923,204.16
Melbourne,San Francisco,2025-05-27,2025-05-29,19:43,08:53,68254481f0a705d6efbfb923,972.98
Seoul,Moscow,2025-07-17,2025-07-18,15:32,00:02,6823a7fb17be1b0f5750c156,909.84
Bangkok,Beijing,2025-06-16,2025-06-18,17:59,04:06,68254481f0a705d6efbfb91b,949.19
Dubai,Seoul,2025-07-12,2025-07-12,07:58,15:55,68254481f0a705d6efbfb925,916.64
Moscow,Seoul,2025-05-31,2025-06-02,20:44,02:35,68254481f0a705d6efbfb925,979.7
Paris,Madrid,2025-07-29,2025-08-01,10:28,08:01,68254481f0a705d6efbfb91d,1101.45
Paris,Beijing,2025-05-17,2025-05-18,02:59,10:10,68254481f0a705d6efbfb91d,1210.73
Singapore,Berlin,2025-05-20,2025-05-23,18:14,21:23,6823a7ed17be1b0f5750c153,830.32
Moscow,Singapore,2025-05-20,2025-05-23,22:22,11:02,68254481f0a705d6efbfb91f,818.22
Singapore,Bangkok,2025-06-14,2025-06-15,15:25,04:22,68254481f0a705d6efbfb91d,1390.99
Chicago,New York,2025-07-17,2025-07-20,22:57,14:53,68254481f0a705d6efbfb927,413.43
Dubai,Singapore,2025-05-30,2025-05-31,13:10,20:27,6823a7fb17be1b0f5750c156,156.23
Toronto,Beijing,2025-06-29,2025-06-29,17:13,03:34,68254481f0a705d6efbfb927,1158.4
New York,Moscow,2025-06-15,2025-06-16,21:08,19:17,68254481f0a705d6efbfb919,1314.63
Berlin,Toronto,2025-06-05,2025-06-07,21:32,20:20,68254481f0a705d6efbfb91f,218.75
Seoul,Madrid,2025-05-16,2025-05-18,00:16,03:29,68254481f0a705d6efbfb925,700.63
Sydney,Paris,2025-07-23,2025-07-25,19:54,21:04,68254481f0a705d6efbfb91b,769.11
Beijing,San Francisco,2025-06-22,2025-06-24,13:33,04:17,68254481f0a705d6efbfb927,480.13
Rome,San Francisco,2025-06-13,2025-06-16,21:13,07:32,68254481f0a705d6efbfb91f,1341.57
Toronto,Melbourne,2025-06-19,2025-06-20,13:17,10:31,68254481f0a705d6efbfb923,529.59
Melbourne,San Francisco,2025-06-04,2025-06-05,23:17,01:39,68254481f0a705d6efbfb925,1084.03
Paris,Chicago,2025-07-09,2025-07-10,19:01,22:20,68254481f0a705d6efbfb91b,1427.67
Tokyo,Sydney,2025-07-13,2025-07-16,05:17,06:28,68254481f0a705d6efbfb91d,921.6
San Francisco,Mumbai,2025-07-23,2025-07-25,10:18,18:25,68254481f0a705d6efbfb91d,237.88
Melbourne,London,2025-07-24,2025-07-24,13:49,07:49,6823a7fb17be1b0f5750c156,980.05
Chicago,Melbourne,2025-06-04,2025-06-05,01:19,07:39,68254481f0a705d6efbfb925,1252.71
Rome,Bangkok,2025-06-11,2025-06-11,02:16,21:31,68254481f0a705d6efbfb91d,132.47
Los Angeles,San Francisco,2025-05-25,2025-05-27,02:03,16:32,68254481f0a705d6efbfb923,787.29
New York,Beijing,2025-06-17,2025-06-17,14:04,06:21,68254481f0a705d6efbfb923,1229.65
Seoul,Beijing,2025-06-30,2025-06-30,10:16,06:23,68254481f0a705d6efbfb91b,1308.48
Los Angeles,Mumbai,2025-07-22,2025-07-24,19:05,13:56,68254481f0a705d6efbfb91f,297.36
Los Angeles,Berlin,2025-07-01,2025-07-01,11:29,18:42,68254481f0a705d6efbfb91b,519.96
Berlin,Seoul,2025-05-24,2025-05-27,19:43,04:23,68254481f0a705d6efbfb921,630.36
Sydney,Moscow,2025-06-04,2025-06-05,19:30,12:17,68254481f0a705d6efbfb91d,914.26
Seoul,Beijing,2025-05-23,2025-05-25,17:02,18:54,6823a7ed17be1b0f5750c153,1469.44
Melbourne,Bangkok,2025-07-01,2025-07-03,13:27,07:54,68254481f0a705d6efbfb91f,1468.36
Los Angeles,New York,2025-07-23,2025-07-25,14:09,05:19,68254481f0a705d6efbfb923,416.23
London,Los Angeles,2025-06-13,2025-06-15,22:14,00:23,68254481f0a705d6efbfb91b,806.41
New York,Seoul,2025-07-18,2025-07-19,12:39,09:28,68254481f0a705d6efbfb927,445.5
Tokyo,Bangkok,2025-06-16,2025-06-16,08:34,03:01,68254481f0a705d6efbfb91b,619.41
Bangkok,Beijing,2025-05-23,2025-05-25,15:07,20:44,68254481f0a705d6efbfb91b,484.06
Seoul,London,2025-07-23,2025-07-24,04:32,16:59,6823a7ed17be1b0f5750c153,1288.27
Toronto,Singapore,2025-06-05,2025-06-08,04:01,16:41,6823a7ed17be1b0f5750c153,693.38
Madrid,Berlin,2025-07-07,2025-07-08,20:39,11:58,68254481f0a705d6efbfb925,1134.93
Los Angeles,Bangkok,2025-05-16,2025-05-18,05:57,05:02,68254481f0a705d6efbfb923,936.03
Chicago,Madrid,2025-05-17,2025-05-20,20:20,07:09,68254481f0a705d6efbfb91b,212.33
Toronto,Los Angeles,2025-06-19,2025-06-22,17:55,19:54,6823a7fb17be1b0f5750c156,1040.19
Melbourne,New York,2025-06-27,2025-06-28,06:34,04:17,68254481f0a705d6efbfb921,916.24
Berlin,Moscow,2025-06-08,2025-06-09,06:31,00:14,68254481f0a705d6efbfb921,737.59
Bangkok,San Francisco,2025-06-15,2025-06-18,16:28,17:19,68254481f0a705d6efbfb91f,581.87
Mumbai,Chicago,2025-06-02,2025-06-02,01:39,14:07,68254481f0a705d6efbfb921,482.26
Chicago,Tokyo,2025-06-20,2025-06-21,06:07,04:57,68254481f0a705d6efbfb91b,602.45
Melbourne,Tokyo,2025-05-22,2025-05-23,08:48,01:59,68254481f0a705d6efbfb91b,1316.6
London,Toronto,2025-06-19,2025-06-22,10:24,06:08,68254481f0a705d6efbfb919,512.79
Sydney,New York,2025-07-15,2025-07-15,13:32,06:57,68254481f0a705d6efbfb921,1213.69
Dubai,Mumbai,2025-07-01,2025-07-01,11:21,22:49,6823a7fb17be1b0f5750c156,535.59
New York,Chicago,2025-06-01,2025-06-02,03:45,09:33,68254481f0a705d6efbfb923,986.49
San Francisco,Sydney,2025-07-17,2025-07-18,01:39,04:30,68254481f0a705d6efbfb925,897.04
Seoul,London,2025-06-23,2025-06-23,16:07,21:52,68254481f0a705d6efbfb91d,387.27
Beijing,New York,2025-07-20,2025-07-21,08:32,19:13,68254481f0a705d6efbfb91b,274.13
Chicago,Beijing,2025-07-22,2025-07-24,09:01,02:58,68254481f0a705d6efbfb923,1417.85
Bangkok,Paris,2025-06-21,2025-06-24,17:32,21:46,68254481f0a705d6efbfb91f,460.31
Madrid,Los Angeles,2025-07-18,2025-07-20,13:01,06:10,68254481f0a705d6efbfb927,1488.14
New York,Chicago,2025-07-08,2025-07-08,20:45,06:33,68254481f0a705d6efbfb91d,1330.29
Sydney,Mumbai,2025-07-01,2025-07-04,21:04,08:55,68254481f0a705d6efbfb925,1232.91
Moscow,Dubai,2025-07-01,2025-07-03,09:14,21:05,68254481f0a705d6efbfb925,153.07
Berlin,London,2025-06-10,2025-06-13,09:55,08:48,68254481f0a705d6efbfb91d,756.84
Moscow,Chicago,2025-07-16,2025-07-16,12:28,23:00,6823a7ed17be1b0f5750c153,1294.51
Sydney,Melbourne,2025-07-09,2025-07-10,01:24,04:33,68254481f0a705d6efbfb91b,1208.29
Toronto,Berlin,2025-07-06,2025-07-09,10:56,17:20,68254481f0a705d6efbfb923,277.8
Moscow,New York,2025-07-04,2025-07-06,20:33,15:19,68254481f0a705d6efbfb91b,809.87
London,Paris,2025-05-20,2025-05-21,04:43,23:16,68254481f0a705d6efbfb91b,1193.8
Chicago,London,2025-06-14,2025-06-15,17:03,06:14,68254481f0a705d6efbfb925,250.22
Toronto,Mumbai,2025-07-18,2025-07-19,01:21,17:17,68254481f0a705d6efbfb923,1071.01
Dubai,New York,2025-05-27,2025-05-27,04:55,19:50,68254481f0a705d6efbfb919,595.35
Toronto,New York,2025-06-20,2025-06-22,08:37,12:22,68254481f0a705d6efbfb921,354.96
Toronto,London,2025-06-19,2025-06-19,11:06,15:27,6823a7ed17be1b0f5750c153,1096.73
Singapore,Sydney,2025-07-27,2025-07-29,16:47,07:30,68254481f0a705d6efbfb927,1325.98
Tokyo,London,2025-06-24,2025-06-25,05:39,14:08,6823a7fb17be1b0f5750c156,1471.29
Chicago,San Francisco,2025-06-04,2025-06-07,12:05,14:33,6823a7fb17be1b0f5750c156,208.84
Los Angeles,Berlin,2025-05-17,2025-05-20,05:05,18:58,68254481f0a705d6efbfb91d,425.73
New York,Moscow,2025-06-26,2025-06-26,01:31,04:54,68254481f0a705d6efbfb91b,548.61
Los Angeles,Sydney,2025-06-27,2025-06-30,12:36,00:21,6823a7ed17be1b0f5750c153,905.56
Moscow,Paris,2025-06-30,2025-06-30,20:53,03:01,6823a7fb17be1b0f5750c156,671.9
Beijing,Tokyo,2025-05-19,2025-05-19,02:17,09:37,68254481f0a705d6efbfb923,173.48
Los Angeles,Dubai,2025-06-08,2025-06-09,16:46,00:11,68254481f0a705d6efbfb91d,571.24
Madrid,London,2025-07-28,2025-07-29,22:21,04:03,68254481f0a705d6efbfb927,1359.28
Paris,New York,2025-06-22,2025-06-23,00:24,02:13,6823a7ed17be1b0f5750c153,1002.14
Rome,San Francisco,2025-05-25,2025-05-26,21:03,08:58,68254481f0a705d6efbfb91b,1388.32
Berlin,Rome,2025-05-18,2025-05-18,15:48,13:56,68254481f0a705d6efbfb91f,1304.88
London,Toronto,2025-06-20,2025-06-20,06:14,06:29,68254481f0a705d6efbfb921,944.45
Chicago,Singapore,2025-06-19,2025-06-21,17:57,06:08,6823a7fb17be1b0f5750c156,1062.43
Moscow,Mumbai,2025-06-15,2025-06-17,21:55,06:32,6823a7ed17be1b0f5750c153,221.72
Madrid,Beijing,2025-06-23,2025-06-23,11:28,16:19,68254481f0a705d6efbfb927,1366.57
Paris,Beijing,2025-05-21,2025-05-22,21:04,12:35,68254481f0a705d6efbfb91b,1032.37
Beijing,London,2025-06-24,2025-06-25,00:03,11:01,68254481f0a705d6efbfb919,1330.92
Bangkok,Moscow,2025-07-18,2025-07-20,22:21,01:40,6823a7ed17be1b0f5750c153,1457.58
Berlin,Madrid,2025-06-11,2025-06-13,19:45,16:00,6823a7fb17be1b0f5750c156,934.47
Tokyo,Melbourne,2025-06-24,2025-06-25,16:23,17:54,6823a7ed17be1b0f5750c153,586.25
Sydney,Beijing,2025-07-26,2025-07-26,13:32,07:11,68254481f0a705d6efbfb91d,834.33
Chicago,London,2025-07-18,2025-07-20,19:31,08:08,68254481f0a705d6efbfb91b,676.25
San Francisco,Mumbai,2025-06-05,2025-06-06,10:23,08:25,6823a7ed17be1b0f5750c153,1094.91
Singapore,Paris,2025-06-16,2025-06-16,05:52,08:30,68254481f0a705d6efbfb919,112.58
San Francisco,Los Angeles,2025-07-09,2025-07-11,08:56,09:07,68254481f0a705d6efbfb91b,736.04
London,Berlin,2025-05-24,2025-05-26,09:43,04:37,68254481f0a705d6efbfb923,1333.17
Paris,Singapore,2025-07-29,2025-07-30,15:04,17:33,68254481f0a705d6efbfb923,273.0
Bangkok,Berlin,2025-07-13,2025-07-14,18:12,20:12,6823a7fb17be1b0f5750c156,415.89
Madrid,Rome,2025-05-18,2025-05-18,09:27,05:28,68254481f0a705d6efbfb927,339.6
Beijing,San Francisco,2025-06-28,2025-06-29,08:50,23:20,6823a7fb17be1b0f5750c156,1416.68
San Francisco,Singapore,2025-06-10,2025-06-13,20:44,23:47,68254481f0a705d6efbfb91b,873.31
Chicago,Moscow,2025-07-03,2025-07-06,19:58,00:36,68254481f0a705d6efbfb919,652.35
Melbourne,Rome,2025-06-10,2025-06-11,06:06,05:36,6823a7fb17be1b0f5750c156,130.41
Mumbai,Sydney,2025-06-18,2025-06-18,10:43,21:00,68254481f0a705d6efbfb91d,863.22
Moscow,Dubai,2025-07-13,2025-07-14,14:59,19:30,68254481f0a705d6efbfb921,821.98
Beijing,Bangkok,2025-05-23,2025-05-25,07:13,03:01,6823a7fb17be1b0f5750c156,753.11
Madrid,Melbourne,2025-07-21,2025-07-21,08:21,21:20,68254481f0a705d6efbfb921,1124.02
Rome,London,2025-06-13,2025-06-16,05:57,22:08,68254481f0a705d6efbfb921,221.36
Beijing,Toronto,2025-06-02,2025-06-05,00:13,22:35,68254481f0a705d6efbfb927,996.38
Moscow,Seoul,2025-07-17,2025-07-17,06:59,08:21,68254481f0a705d6efbfb923,205.17
Paris,Tokyo,2025-06-17,2025-06-19,22:07,12:13,68254481f0a705d6efbfb923,1154.06
Dubai,Los Angeles,2025-06-24,2025-06-24,15:43,13:46,68254481f0a705d6efbfb921,597.61
San Francisco,Mumbai,2025-07-10,2025-07-10,03:43,07:03,68254481f0a705d6efbfb91f,962.14
Dubai,Melbourne,2025-07-20,2025-07-23,14:36,02:48,6823a7ed17be1b0f5750c153,457.16
New York,Beijing,2025-06-21,2025-06-23,22:46,21:03,68254481f0a705d6efbfb921,280.72
Tokyo,Chicago,2025-06-05,2025-06-08,03:16,02:46,68254481f0a705d6efbfb923,754.91
Melbourne,Sydney,2025-07-02,2025-07-03,06:01,12:12,68254481f0a705d6efbfb919,455.34
Beijing,London,2025-06-02,2025-06-04,05:47,00:04,68254481f0a705d6efbfb925,612.42
Chicago,Tokyo,2025-06-13,2025-06-13,08:00,12:34,68254481f0a705d6efbfb919,1231.25
London,Moscow,2025-07-12,2025-07-14,14:17,08:25,68254481f0a705d6efbfb91d,963.61
Beijing,Seoul,2025-07-03,2025-07-04,17:05,00:13,68254481f0a705d6efbfb91f,131.92
New York,Rome,2025-06-19,2025-06-22,01:14,21:22,68254481f0a705d6efbfb919,1458.94
Dubai,Seoul,2025-06-05,2025-06-06,03:02,10:58,68254481f0a705d6efbfb923,371.86
London,New York,2025-07-10,2025-07-13,00:47,23:20,6823a7ed17be1b0f5750c153,393.55
Chicago,Dubai,2025-07-11,2025-07-11,14:26,07:17,68254481f0a705d6efbfb925,1281.36
Beijing,Berlin,2025-06-30,2025-06-30,11:21,01:56,68254481f0a705d6efbfb91b,1352.39
Paris,Seoul,2025-05-26,2025-05-27,15:56,11:10,68254481f0a705d6efbfb919,936.87
Dubai,Moscow,2025-05-25,2025-05-25,20:07,20:07,6823a7ed17be1b0f5750c153,1346.26
Rome,San Francisco,2025-07-13,2025-07-15,04:48,18:43,68254481f0a705d6efbfb91d,1172.19
Beijing,Berlin,2025-05-24,2025-05-27,04:48,17:52,6823a7fb17be1b0f5750c156,1318.02
Mumbai,Singapore,2025-07-04,2025-07-07,14:29,22:54,6823a7fb17be1b0f5750c156,1080.17
Berlin,Paris,2025-06-17,2025-06-19,09:08,00:36,68254481f0a705d6efbfb91b,442.06
Dubai,Melbourne,2025-07-17,2025-07-20,21:17,23:30,68254481f0a705d6efbfb91d,273.66
Seoul,Toronto,2025-05-30,2025-06-02,18:13,11:01,6823a7ed17be1b0f5750c153,595.5
Madrid,Tokyo,2025-06-01,2025-06-04,19:19,20:40,68254481f0a705d6efbfb925,1271.94
Dubai,New York,2025-07-13,2025-07-13,18:21,04:00,68254481f0a705d6efbfb927,1290.76
Paris,Melbourne,2025-05-29,2025-06-01,00:37,20:47,68254481f0a705d6efbfb925,1246.65
Toronto,Rome,2025-07-28,2025-07-28,19:37,20:31,6823a7fb17be1b0f5750c156,847.46
Los Angeles,Melbourne,2025-05-31,2025-05-31,21:48,17:43,68254481f0a705d6efbfb91d,480.9
Chicago,Tokyo,2025-06-17,2025-06-17,19:32,04:39,68254481f0a705d6efbfb91d,507.77
Toronto,Moscow,2025-05-16,2025-05-17,00:58,12:46,6823a7ed17be1b0f5750c153,1123.04
Rome,New York,2025-06-03,2025-06-03,23:38,20:38,68254481f0a705d6efbfb925,943.97
Madrid,Singapore,2025-06-15,2025-06-15,06:13,04:35,68254481f0a705d6efbfb921,1179.18
Rome,Beijing,2025-07-01,2025-07-04,02:45,20:15,68254481f0a705d6efbfb91b,380.05
Moscow,Melbourne,2025-05-20,2025-05-22,21:11,22:02,6823a7fb17be1b0f5750c156,1099.62
Rome,Los Angeles,2025-06-19,2025-06-21,19:41,19:26,68254481f0a705d6efbfb91b,1377.85
Los Angeles,Seoul,2025-07-12,2025-07-14,12:16,15:35,68254481f0a705d6efbfb925,1074.06
London,New York,2025-07-21,2025-07-24,16:28,16:35,68254481f0a705d6efbfb91d,1041.14
Madrid,Rome,2025-07-02,2025-07-05,09:52,02:40,68254481f0a705d6efbfb91d,1237.55
Moscow,Dubai,2025-06-26,2025-06-27,17:25,00:31,68254481f0a705d6efbfb91b,310.79
New York,Bangkok,2025-07-21,2025-07-22,22:04,22:27,68254481f0a705d6efbfb921,908.6
Sydney,Dubai,2025-07-24,2025-07-27,19:25,05:04,6823a7fb17be1b0f5750c156,1095.33
Beijing,Los Angeles,2025-07-07,2025-07-09,19:20,05:27,6823a7fb17be1b0f5750c156,853.61
San Francisco,Sydney,2025-05-28,2025-05-28,12:35,11:55,68254481f0a705d6efbfb921,1482.75
Singapore,Melbourne,2025-06-21,2025-06-24,17:20,23:11,68254481f0a705d6efbfb919,438.31
Toronto,Mumbai,2025-07-23,2025-07-26,07:14,10:59,68254481f0a705d6efbfb925,827.97
Tokyo,London,2025-05-31,2025-05-31,11:03,15:27,6823a7fb17be1b0f5750c156,814.15
Seoul,Tokyo,2025-06-20,2025-06-22,21:53,01:01,68254481f0a705d6efbfb91b,700.31
Sydney,Tokyo,2025-06-18,2025-06-18,23:15,05:40,68254481f0a705d6efbfb925,354.51
Beijing,Sydney,2025-07-22,2025-07-23,18:04,16:15,68254481f0a705d6efbfb921,1398.51
New York,Chicago,2025-06-16,2025-06-17,10:21,19:43,68254481f0a705d6efbfb923,1129.7
Los Angeles,San Francisco,2025-07-21,2025-07-21,02:06,02:40,68254481f0a705d6efbfb923,1335.49
Toronto,Rome,2025-06-21,2025-06-24,18:12,23:48,6823a7ed17be1b0f5750c153,985.79
Bangkok,Paris,2025-07-09,2025-07-09,20:02,13:40,68254481f0a705d6efbfb921,1462.59
Tokyo,Toronto,2025-06-29,2025-06-30,00:12,13:52,68254481f0a705d6efbfb927,1320.25
Madrid,Sydney,2025-07-11,2025-07-12,03:51,04:23,68254481f0a705d6efbfb927,1301.56
Chicago,Madrid,2025-06-26,2025-06-28,20:20,17:47,6823a7ed17be1b0f5750c153,347.14
New York,Seoul,2025-07-09,2025-07-11,08:07,08:47,68254481f0a705d6efbfb921,700.97
Rome,Singapore,2025-06-27,2025-06-27,15:19,03:56,68254481f0a705d6efbfb921,186.17
Madrid,Toronto,2025-06-19,2025-06-19,05:56,17:14,68254481f0a705d6efbfb927,821.17
London,Paris,2025-06-26,2025-06-28,11:31,02:17,68254481f0a705d6efbfb925,629.31
Paris,Mumbai,2025-06-10,2025-06-11,15:56,23:29,68254481f0a705d6efbfb925,513.55
Tokyo,Melbourne,2025-07-01,2025-07-03,12:44,07:36,68254481f0a705d6efbfb919,795.38
Rome,Beijing,2025-06-26,2025-06-27,12:42,06:15,68254481f0a705d6efbfb925,1247.66
Seoul,Melbourne,2025-07-19,2025-07-21,08:33,22:07,68254481f0a705d6efbfb91d,812.03
New York,Tokyo,2025-05-30,2025-05-30,12:24,15:18,6823a7fb17be1b0f5750c156,1068.15
Dubai,Rome,2025-06-12,2025-06-13,14:28,12:17,68254481f0a705d6efbfb927,855.76
Paris,San Francisco,2025-05-30,2025-05-31,10:31,23:10,68254481f0a705d6efbfb91b,1230.18
Rome,Los Angeles,2025-06-17,2025-06-17,05:52,07:02,68254481f0a705d6efbfb919,628.34
Madrid,Bangkok,2025-06-02,2025-06-03,23:15,14:13,68254481f0a705d6efbfb91b,560.47
San Francisco,Sydney,2025-06-29,2025-06-30,06:18,15:43,68254481f0a705d6efbfb927,608.39
Moscow,Paris,2025-06-09,2025-06-10,12:40,04:20,68254481f0a705d6efbfb919,280.05
Beijing,Moscow,2025-06-11,2025-06-12,11:11,01:49,68254481f0a705d6efbfb925,1056.98
Bangkok,San Francisco,2025-06-19,2025-06-22,21:21,18:16,68254481f0a705d6efbfb91d,365.16
London,Mumbai,2025-07-28,2025-07-30,17:18,00:50,6823a7fb17be1b0f5750c156,1222.31
Mumbai,Bangkok,2025-07-23,2025-07-24,13:30,08:55,68254481f0a705d6efbfb923,123.37
Los Angeles,Melbourne,2025-07-15,2025-07-18,18:59,21:10,68254481f0a705d6efbfb919,1150.09
Tokyo,Melbourne,2025-07-06,2025-07-06,00:01,11:55,68254481f0a705d6efbfb923,323.05
New York,Paris,2025-06-24,2025-06-25,10:41,20:43,68254481f0a705d6efbfb927,1388.54
Los Angeles,Bangkok,2025-07-20,2025-07-20,04:23,09:36,68254481f0a705d6efbfb91d,787.78
Chicago,New York,2025-07-03,2025-07-03,01:19,21:54,68254481f0a705d6efbfb921,1269.06
London,Moscow,2025-07-24,2025-07-26,02:50,04:47,68254481f0a705d6efbfb927,175.97
Paris,Tokyo,2025-06-10,2025-06-10,13:43,12:46,68254481f0a705d6efbfb927,1058.8
Beijing,Chicago,2025-07-17,2025-07-19,21:39,21:02,68254481f0a705d6efbfb925,1442.93
San Francisco,Los Angeles,2025-07-05,2025-07-07,17:23,02:52,68254481f0a705d6efbfb923,1488.52
Seoul,Sydney,2025-06-08,2025-06-11,12:22,13:34,68254481f0a705d6efbfb91b,258.85
Singapore,Mumbai,2025-07-10,2025-07-13,11:56,00:39,6823a7fb17be1b0f5750c156,948.25
Bangkok,Berlin,2025-07-15,2025-07-17,16:09,13:00,6823a7ed17be1b0f5750c153,762.72
Seoul,Chicago,2025-06-09,2025-06-11,16:29,12:27,68254481f0a705d6efbfb923,1243.76
Dubai,Madrid,2025-07-19,2025-07-20,16:25,21:43,6823a7fb17be1b0f5750c156,1019.56
Dubai,London,2025-06-19,2025-06-20,14:55,09:17,68254481f0a705d6efbfb919,1389.93
Chicago,Sydney,2025-07-13,2025-07-13,21:17,21:40,68254481f0a705d6efbfb919,291.62
New York,Sydney,2025-07-21,2025-07-24,11:57,12:24,68254481f0a705d6efbfb919,369.53
Berlin,New York,2025-06-04,2025-06-05,09:34,11:16,68254481f0a705d6efbfb921,200.42
Paris,Chicago,2025-07-25,2025-07-28,18:10,09:15,68254481f0a705d6efbfb927,729.33
Beijing,Toronto,2025-05-18,2025-05-18,18:49,23:12,68254481f0a705d6efbfb91f,947.21
Seoul,Toronto,2025-07-14,2025-07-14,22:08,22:58,68254481f0a705d6efbfb923,752.96
Sydney,Toronto,2025-07-27,2025-07-27,17:30,18:20,68254481f0a705d6efbfb91b,434.65
Paris,Singapore,2025-06-24,2025-06-25,23:40,07:12,68254481f0a705d6efbfb91d,408.01
Dubai,Bangkok,2025-07-04,2025-07-07,07:59,15:40,68254481f0a705d6efbfb927,419.19
Moscow,Madrid,2025-05-28,2025-05-30,08:30,18:51,68254481f0a705d6efbfb927,400.36
Melbourne,Beijing,2025-05-30,2025-05-30,08:53,02:59,68254481f0a705d6efbfb91b,776.41
San Francisco,Seoul,2025-07-21,2025-07-22,15:39,06:13,6823a7ed17be1b0f5750c153,260.65
San Francisco,New York,2025-05-30,2025-05-30,22:42,06:14,6823a7fb17be1b0f5750c156,352.94
New York,Melbourne,2025-07-25,2025-07-28,06:34,20:14,6823a7ed17be1b0f5750c153,1115.3
Paris,Toronto,2025-05-19,2025-05-20,17:16,04:27,68254481f0a705d6efbfb925,349.81
Los Angeles,Chicago,2025-07-15,2025-07-18,20:12,09:15,68254481f0a705d6efbfb925,1287.58
Toronto,Dubai,2025-05-21,2025-05-24,06:52,03:35,6823a7fb17be1b0f5750c156,964.11
San Francisco,Toronto,2025-07-15,2025-07-18,03:53,07:38,68254481f0a705d6efbfb91b,1468.09
Madrid,Singapore,2025-06-01,2025-06-03,13:06,18:23,6823a7ed17be1b0f5750c153,947.28
Dubai,Sydney,2025-05-31,2025-05-31,11:15,06:53,68254481f0a705d6efbfb919,1020.18
Chicago,New York,2025-06-03,2025-06-03,20:45,15:17,68254481f0a705d6efbfb927,389.13
Beijing,Chicago,2025-07-17,2025-07-20,11:27,07:04,68254481f0a705d6efbfb921,1442.23
Madrid,Los Angeles,2025-06-01,2025-06-01,05:01,09:17,68254481f0a705d6efbfb927,695.55
Chicago,London,2025-06-25,2025-06-26,23:03,19:41,6823a7fb17be1b0f5750c156,694.31
Berlin,Moscow,2025-05-18,2025-05-18,11:45,15:01,68254481f0a705d6efbfb927,316.49
Rome,Los Angeles,2025-07-09,2025-07-12,20:41,03:06,68254481f0a705d6efbfb919,1439.17
London,Paris,2025-06-10,2025-06-10,17:41,19:06,68254481f0a705d6efbfb925,748.4
Bangkok,London,2025-06-17,2025-06-17,11:33,07:52,68254481f0a705d6efbfb919,260.31
San Francisco,Dubai,2025-06-03,2025-06-06,09:44,19:26,68254481f0a705d6efbfb91f,304.58
London,Mumbai,2025-07-27,2025-07-29,04:08,23:36,68254481f0a705d6efbfb927,688.51
Tokyo,Moscow,2025-06-16,2025-06-19,05:59,06:01,6823a7ed17be1b0f5750c153,342.07
San Francisco,Melbourne,2025-06-09,2025-06-11,15:11,10:26,68254481f0a705d6efbfb923,1331.08
Los Angeles,Beijing,2025-05-27,2025-05-29,11:53,02:03,68254481f0a705d6efbfb91f,1415.48
Los Angeles,Tokyo,2025-06-13,2025-06-14,09:09,01:30,68254481f0a705d6efbfb91f,457.79
Rome,Melbourne,2025-05-29,2025-06-01,11:37,20:25,68254481f0a705d6efbfb925,961.16
Los Angeles,Mumbai,2025-07-06,2025-07-07,02:54,22:25,6823a7fb17be1b0f5750c156,332.59
Sydney,Los Angeles,2025-05-20,2025-05-21,09:14,22:50,68254481f0a705d6efbfb927,676.51
Paris,Tokyo,2025-06-07,2025-06-10,04:51,02:42,68254481f0a705d6efbfb923,538.91
Singapore,Sydney,2025-07-13,2025-07-16,11:14,08:50,6823a7fb17be1b0f5750c156,215.44
Toronto,Singapore,2025-07-11,2025-07-14,12:15,11:38,6823a7ed17be1b0f5750c153,1122.07
Chicago,Toronto,2025-05-28,2025-05-29,07:20,15:31,68254481f0a705d6efbfb919,295.7
Berlin,Dubai,2025-06-14,2025-06-17,11:19,08:08,68254481f0a705d6efbfb923,756.5
Paris,Seoul,2025-06-13,2025-06-14,08:55,12:48,68254481f0a705d6efbfb927,913.48
Singapore,Paris,2025-06-10,2025-06-10,20:57,17:37,68254481f0a705d6efbfb91b,441.43
Chicago,Madrid,2025-05-24,2025-05-26,00:23,00:47,68254481f0a705d6efbfb91b,1036.74
Moscow,Chicago,2025-06-06,2025-06-08,15:55,06:09,68254481f0a705d6efbfb919,105.18
Beijing,Paris,2025-06-24,2025-06-27,14:21,00:28,68254481f0a705d6efbfb921,1477.43
Madrid,Dubai,2025-07-28,2025-07-29,19:10,23:12,68254481f0a705d6efbfb921,401.54
Berlin,Tokyo,2025-05-23,2025-05-24,11:26,07:13,68254481f0a705d6efbfb921,439.34
New York,Chicago,2025-05-16,2025-05-17,17:09,23:18,68254481f0a705d6efbfb923,1480.61
London,Los Angeles,2025-07-26,2025-07-29,04:15,07:40,68254481f0a705d6efbfb91d,367.42
Mumbai,Sydney,2025-07-13,2025-07-14,14:45,17:01,68254481f0a705d6efbfb91d,1183.56
London,Beijing,2025-06-26,2025-06-29,01:43,03:30,68254481f0a705d6efbfb921,1080.69
Seoul,Los Angeles,2025-07-07,2025-07-08,02:20,17:44,68254481f0a705d6efbfb927,1222.39
Tokyo,Toronto,2025-06-12,2025-06-14,23:16,00:40,68254481f0a705d6efbfb927,493.62
Sydney,Singapore,2025-07-01,2025-07-02,12:43,00:16,68254481f0a705d6efbfb927,768.32
Beijing,London,2025-06-21,2025-06-23,16:52,02:42,68254481f0a705d6efbfb927,503.84
Sydney,Rome,2025-06-06,2025-06-08,20:02,04:30,6823a7ed17be1b0f5750c153,1076.44
Tokyo,Dubai,2025-06-10,2025-06-13,10:22,13:21,68254481f0a705d6efbfb923,1124.76
Seoul,Singapore,2025-06-28,2025-06-28,09:58,23:53,68254481f0a705d6efbfb919,800.06
Chicago,Singapore,2025-07-17,2025-07-18,03:41,11:53,68254481f0a705d6efbfb919,1044.77
Tokyo,Beijing,2025-05-28,2025-05-30,19:29,09:21,68254481f0a705d6efbfb91f,1489.01
Toronto,Bangkok,2025-07-12,2025-07-15,03:04,10:31,68254481f0a705d6efbfb921,194.69
Madrid,Chicago,2025-06-25,2025-06-28,06:53,16:39,68254481f0a705d6efbfb91b,268.07
Moscow,Seoul,2025-06-29,2025-06-29,08:22,23:50,68254481f0a705d6efbfb91b,551.08
Madrid,Chicago,2025-06-30,2025-07-02,04:39,18:39,68254481f0a705d6efbfb91b,355.51
San Francisco,Rome,2025-06-28,2025-06-29,18:54,14:46,68254481f0a705d6efbfb91d,1030.21
Bangkok,Beijing,2025-06-10,2025-06-13,01:39,16:16,68254481f0a705d6efbfb921,207.23
Rome,Chicago,2025-06-24,2025-06-27,10:46,19:36,68254481f0a705d6efbfb919,1038.96
Chicago,Mumbai,2025-07-16,2025-07-16,17:12,02:10,68254481f0a705d6efbfb921,311.18
Singapore,Sydney,2025-06-28,2025-07-01,05:40,01:18,68254481f0a705d6efbfb91d,1077.43
Chicago,Toronto,2025-05-30,2025-05-30,17:57,19:30,6823a7fb17be1b0f5750c156,102.28
Berlin,Tokyo,2025-06-25,2025-06-28,00:54,18:02,68254481f0a705d6efbfb91d,950.07
Tokyo,Beijing,2025-06-24,2025-06-26,09:31,09:31,6823a7ed17be1b0f5750c153,201.64
Melbourne,Mumbai,2025-07-25,2025-07-28,17:02,11:23,68254481f0a705d6efbfb925,957.82
San Francisco,Seoul,2025-06-08,2025-06-11,05:17,20:03,68254481f0a705d6efbfb919,813.81
Toronto,Madrid,2025-05-27,2025-05-27,06:27,15:46,68254481f0a705d6efbfb91d,1113.19
Mumbai,Beijing,2025-06-17,2025-06-17,19:40,17:37,68254481f0a705d6efbfb91b,1296.47
Seoul,Los Angeles,2025-05-24,2025-05-24,16:12,10:57,68254481f0a705d6efbfb91b,211.55
Singapore,Mumbai,2025-05-24,2025-05-25,20:33,20:18,68254481f0a705d6efbfb91d,1303.32
Melbourne,Singapore,2025-05-31,2025-06-02,03:52,11:45,68254481f0a705d6efbfb921,1284.29
Toronto,Tokyo,2025-06-29,2025-06-29,19:50,09:59,68254481f0a705d6efbfb923,738.46
New York,Bangkok,2025-07-21,2025-07-22,17:37,17:54,68254481f0a705d6efbfb921,583.98
Chicago,Dubai,2025-06-07,2025-06-10,00:40,21:10,68254481f0a705d6efbfb919,873.93
Singapore,Melbourne,2025-06-10,2025-06-10,19:10,21:23,68254481f0a705d6efbfb921,1324.04
Rome,Bangkok,2025-07-10,2025-07-13,14:29,18:29,68254481f0a705d6efbfb91f,302.8
Tokyo,Dubai,2025-07-26,2025-07-27,18:15,08:58,68254481f0a705d6efbfb927,775.18
Moscow,Rome,2025-05-29,2025-05-31,12:12,23:21,68254481f0a705d6efbfb927,1284.25
San Francisco,Chicago,2025-06-25,2025-06-28,21:48,00:36,68254481f0a705d6efbfb927,1057.25
Paris,London,2025-06-04,2025-06-06,12:50,20:24,68254481f0a705d6efbfb91f,1435.65
Tokyo,Dubai,2025-06-20,2025-06-20,19:42,18:37,68254481f0a705d6efbfb91b,1259.55
Rome,Madrid,2025-07-07,2025-07-07,22:52,12:57,68254481f0a705d6efbfb923,1387.88
Paris,Tokyo,2025-06-30,2025-07-03,05:12,15:16,68254481f0a705d6efbfb923,1431.83
Rome,Seoul,2025-06-10,2025-06-10,00:37,19:09,68254481f0a705d6efbfb919,712.32
Melbourne,Madrid,2025-05-26,2025-05-28,08:11,17:56,68254481f0a705d6efbfb91f,713.77
Sydney,Mumbai,2025-07-03,2025-07-06,10:06,18:48,68254481f0a705d6efbfb91d,105.61
New York,Berlin,2025-06-09,2025-06-10,01:35,15:07,68254481f0a705d6efbfb91d,231.65
Madrid,Chicago,2025-06-12,2025-06-13,10:21,13:19,68254481f0a705d6efbfb91b,1122.63
Moscow,London,2025-07-24,2025-07-24,21:29,13:38,68254481f0a705d6efbfb927,603.83
San Francisco,Los Angeles,2025-06-10,2025-06-10,06:39,10:53,68254481f0a705d6efbfb91f,519.19
New York,Chicago,2025-07-11,2025-07-11,21:33,17:43,68254481f0a705d6efbfb921,1370.77
Bangkok,Moscow,2025-06-17,2025-06-19,22:49,17:33,68254481f0a705d6efbfb925,1479.18
Moscow,San Francisco,2025-05-27,2025-05-28,00:35,12:48,68254481f0a705d6efbfb91b,321.99
Los Angeles,London,2025-06-12,2025-06-12,14:06,12:53,68254481f0a705d6efbfb921,614.92
Toronto,Bangkok,2025-06-12,2025-06-13,16:32,15:19,68254481f0a705d6efbfb927,1182.37
Seoul,Mumbai,2025-06-07,2025-06-10,02:39,03:12,68254481f0a705d6efbfb923,310.43
London,Dubai,2025-07-21,2025-07-23,18:52,20:45,68254481f0a705d6efbfb91d,262.49
Seoul,Moscow,2025-06-06,2025-06-09,06:20,07:08,6823a7ed17be1b0f5750c153,774.96
Melbourne,Mumbai,2025-05-16,2025-05-18,08:43,06:16,68254481f0a705d6efbfb919,788.74
Dubai,Melbourne,2025-07-28,2025-07-28,12:59,04:37,68254481f0a705d6efbfb921,1202.78
Melbourne,Tokyo,2025-06-14,2025-06-16,22:10,08:00,68254481f0a705d6efbfb927,1330.37
Tokyo,Madrid,2025-07-07,2025-07-09,03:57,00:19,6823a7fb17be1b0f5750c156,844.76
Beijing,Toronto,2025-06-20,2025-06-23,09:37,11:43,68254481f0a705d6efbfb923,215.74
Dubai,Madrid,2025-06-28,2025-07-01,04:04,02:45,68254481f0a705d6efbfb91b,557.61
Melbourne,Beijing,2025-06-04,2025-06-06,08:01,05:47,68254481f0a705d6efbfb91f,1392.1
Dubai,Madrid,2025-06-21,2025-06-21,02:05,16:58,68254481f0a705d6efbfb919,917.12
Toronto,Madrid,2025-07-14,2025-07-16,08:31,04:06,6823a7ed17be1b0f5750c153,449.67
Los Angeles,Berlin,2025-07-10,2025-07-12,19:10,12:11,68254481f0a705d6efbfb925,915.02
Melbourne,Beijing,2025-07-17,2025-07-17,07:12,15:08,68254481f0a705d6efbfb927,129.88
Sydney,Paris,2025-07-23,2025-07-25,06:06,20:42,68254481f0a705d6efbfb91b,103.98
Mumbai,Paris,2025-05-22,2025-05-23,07:04,06:44,68254481f0a705d6efbfb91f,1414.25
Toronto,Chicago,2025-07-18,2025-07-21,02:02,11:07,68254481f0a705d6efbfb91b,673.68
Madrid,Bangkok,2025-07-12,2025-07-15,02:21,05:42,68254481f0a705d6efbfb925,136.22
London,Tokyo,2025-07-14,2025-07-15,17:13,06:31,6823a7ed17be1b0f5750c153,288.72
Melbourne,Paris,2025-06-13,2025-06-15,23:06,02:00,68254481f0a705d6efbfb927,175.74
Chicago,Berlin,2025-07-01,2025-07-02,02:43,12:15,68254481f0a705d6efbfb919,825.18
Paris,Chicago,2025-06-11,2025-06-14,06:51,01:49,6823a7ed17be1b0f5750c153,492.89
Mumbai,Berlin,2025-07-27,2025-07-28,16:40,06:03,68254481f0a705d6efbfb91b,453.23
New York,Seoul,2025-06-18,2025-06-20,08:30,04:42,68254481f0a705d6efbfb91d,1123.62
Seoul,Toronto,2025-05-18,2025-05-21,12:27,07:10,68254481f0a705d6efbfb921,854.95
Moscow,Paris,2025-05-30,2025-05-31,19:37,17:33,68254481f0a705d6efbfb923,773.08
London,Sydney,2025-07-17,2025-07-17,04:06,19:21,68254481f0a705d6efbfb919,139.81
Toronto,Chicago,2025-07-05,2025-07-06,22:35,23:38,68254481f0a705d6efbfb91f,289.91
Berlin,Melbourne,2025-06-14,2025-06-16,11:12,18:26,68254481f0a705d6efbfb921,1227.43
Madrid,Moscow,2025-07-09,2025-07-12,08:39,05:08,68254481f0a705d6efbfb91d,1357.85
Beijing,Singapore,2025-07-08,2025-07-11,00:23,18:37,68254481f0a705d6efbfb91d,153.85
Beijing,San Francisco,2025-06-18,2025-06-21,16:40,01:47,6823a7fb17be1b0f5750c156,469.83
Berlin,Chicago,2025-05-16,2025-05-19,02:54,06:35,68254481f0a705d6efbfb91f,1180.08
Los Angeles,Bangkok,2025-05-21,2025-05-21,20:45,23:01,68254481f0a705d6efbfb91b,1377.35
Paris,Tokyo,2025-06-03,2025-06-03,06:30,16:49,68254481f0a705d6efbfb919,131.76
Bangkok,Paris,2025-07-18,2025-07-20,16:21,20:54,68254481f0a705d6efbfb927,251.56
Toronto,Melbourne,2025-06-05,2025-06-08,01:58,10:49,6823a7ed17be1b0f5750c153,780.73
Moscow,Singapore,2025-06-25,2025-06-26,17:02,21:02,6823a7fb17be1b0f5750c156,1103.33
Rome,London,2025-07-26,2025-07-29,02:40,08:26,68254481f0a705d6efbfb919,812.88
Melbourne,Los Angeles,2025-07-27,2025-07-29,18:40,13:37,6823a7ed17be1b0f5750c153,553.48
London,New York,2025-07-07,2025-07-08,03:51,02:11,6823a7fb17be1b0f5750c156,295.41
Moscow,London,2025-07-03,2025-07-06,17:41,17:25,68254481f0a705d6efbfb921,1028.26
San Francisco,Dubai,2025-05-23,2025-05-26,08:32,23:48,68254481f0a705d6efbfb91d,693.68
Sydney,London,2025-07-15,2025-07-17,06:51,15:38,6823a7fb17be1b0f5750c156,288.53
Melbourne,Moscow,2025-05-21,2025-05-24,11:04,04:43,6823a7ed17be1b0f5750c153,311.33
Mumbai,Paris,2025-06-26,2025-06-29,07:27,08:56,68254481f0a705d6efbfb919,1239.29
Seoul,Singapore,2025-06-04,2025-06-06,22:59,06:57,6823a7fb17be1b0f5750c156,151.39
London,Beijing,2025-06-18,2025-06-21,05:21,13:55,68254481f0a705d6efbfb91f,1284.31
Mumbai,Chicago,2025-06-29,2025-07-01,19:11,06:40,68254481f0a705d6efbfb91b,1156.11
San Francisco,Moscow,2025-06-17,2025-06-20,20:02,06:27,68254481f0a705d6efbfb921,263.05
Moscow,Toronto,2025-06-26,2025-06-28,10:01,14:17,68254481f0a705d6efbfb923,1180.1
Mumbai,Beijing,2025-06-10,2025-06-10,13:40,07:18,68254481f0a705d6efbfb927,1400.03
Rome,Melbourne,2025-06-07,2025-06-09,10:53,05:44,68254481f0a705d6efbfb927,1398.3
Sydney,Seoul,2025-06-10,2025-06-11,16:54,11:40,68254481f0a705d6efbfb921,459.42
Seoul,San Francisco,2025-07-23,2025-07-24,15:11,04:10,68254481f0a705d6efbfb925,691.18
Rome,Tokyo,2025-07-16,2025-07-18,23:30,00:03,68254481f0a705d6efbfb91f,918.06
Sydney,Bangkok,2025-07-16,2025-07-18,21:26,13:49,68254481f0a705d6efbfb927,735.2
Seoul,Singapore,2025-06-13,2025-06-13,09:56,05:15,68254481f0a705d6efbfb923,218.75
Chicago,Bangkok,2025-06-06,2025-06-06,05:34,20:55,68254481f0a705d6efbfb927,1455.55
Chicago,Los Angeles,2025-07-20,2025-07-21,01:47,02:49,68254481f0a705d6efbfb91d,739.13
Madrid,Seoul,2025-06-01,2025-06-03,21:36,07:35,68254481f0a705d6efbfb925,721.75
New York,Madrid,2025-05-27,2025-05-29,00:57,01:31,68254481f0a705d6efbfb925,776.39
Sydney,Tokyo,2025-05-21,2025-05-22,17:52,23:23,68254481f0a705d6efbfb925,756.88
Tokyo,Beijing,2025-06-03,2025-06-06,11:15,11:28,68254481f0a705d6efbfb91f,548.57
Chicago,Madrid,2025-07-09,2025-07-11,11:43,11:23,68254481f0a705d6efbfb927,400.14
Melbourne,Seoul,2025-07-15,2025-07-15,06:38,02:06,68254481f0a705d6efbfb927,1186.73
Mumbai,New York,2025-05-17,2025-05-17,22:42,22:29,68254481f0a705d6efbfb927,132.37
New York,Seoul,2025-07-03,2025-07-06,13:39,16:10,6823a7fb17be1b0f5750c156,273.09
Rome,Toronto,2025-05-30,2025-06-02,05:11,02:37,68254481f0a705d6efbfb91b,518.55
Tokyo,Dubai,2025-07-28,2025-07-28,15:23,21:15,68254481f0a705d6efbfb91d,784.56
Madrid,Singapore,2025-07-18,2025-07-20,06:10,13:49,68254481f0a705d6efbfb921,941.84
Sydney,San Francisco,2025-07-09,2025-07-12,04:31,04:52,68254481f0a705d6efbfb91b,1102.0
Los Angeles,Bangkok,2025-06-24,2025-06-24,09:41,20:13,68254481f0a705d6efbfb91b,732.48
Mumbai,Paris,2025-06-24,2025-06-25,08:27,18:20,68254481f0a705d6efbfb91b,218.52
Chicago,Singapore,2025-06-14,2025-06-15,17:42,07:30,68254481f0a705d6efbfb919,1104.26
New York,Beijing,2025-07-14,2025-07-16,11:08,17:14,68254481f0a705d6efbfb91d,916.71
Chicago,New York,2025-07-02,2025-07-03,18:53,04:42,68254481f0a705d6efbfb919,1082.85
San Francisco,Seoul,2025-07-27,2025-07-30,10:02,19:14,6823a7fb17be1b0f5750c156,489.58
Madrid,Rome,2025-06-24,2025-06-25,01:03,02:33,68254481f0a705d6efbfb91d,605.69
Los Angeles,Berlin,2025-05-21,2025-05-21,16:14,07:14,68254481f0a705d6efbfb921,1075.87
Toronto,San Francisco,2025-06-02,2025-06-03,07:37,14:50,6823a7fb17be1b0f5750c156,1166.53
New York,Dubai,2025-07-05,2025-07-08,15:18,21:19,68254481f0a705d6efbfb921,204.04
Rome,Chicago,2025-05-31,2025-06-01,06:27,16:53,68254481f0a705d6efbfb919,267.18
Seoul,San Francisco,2025-07-16,2025-07-17,20:40,11:33,6823a7ed17be1b0f5750c153,684.59
Los Angeles,Dubai,2025-06-04,2025-06-05,16:38,14:36,68254481f0a705d6efbfb923,145.3
New York,Bangkok,2025-07-23,2025-07-23,05:39,02:16,68254481f0a705d6efbfb921,188.1
Madrid,Rome,2025-06-23,2025-06-26,13:04,20:37,68254481f0a705d6efbfb91f,956.82
New York,Moscow,2025-05-25,2025-05-25,13:29,03:31,68254481f0a705d6efbfb919,689.16
Paris,Los Angeles,2025-07-24,2025-07-24,02:59,08:23,68254481f0a705d6efbfb91f,1387.21
Sydney,London,2025-06-26,2025-06-28,15:13,05:24,68254481f0a705d6efbfb923,1057.74
Singapore,Beijing,2025-06-13,2025-06-15,06:41,05:20,68254481f0a705d6efbfb923,321.13
Chicago,Los Angeles,2025-07-02,2025-07-05,11:23,18:00,68254481f0a705d6efbfb91d,1277.9
London,Paris,2025-05-19,2025-05-21,13:30,18:08,68254481f0a705d6efbfb91b,103.72
Chicago,San Francisco,2025-05-31,2025-06-02,20:45,18:21,68254481f0a705d6efbfb919,1007.88
Los Angeles,Seoul,2025-06-16,2025-06-18,06:00,16:31,6823a7ed17be1b0f5750c153,1167.15
Sydney,New York,2025-07-29,2025-07-30,23:51,06:25,6823a7ed17be1b0f5750c153,741.17
Bangkok,Melbourne,2025-06-24,2025-06-27,22:25,07:51,6823a7ed17be1b0f5750c153,300.9
Rome,Toronto,2025-06-26,2025-06-29,20:45,08:12,68254481f0a705d6efbfb919,708.5
Bangkok,Chicago,2025-05-29,2025-05-31,23:17,17:43,68254481f0a705d6efbfb927,1351.72
Melbourne,Moscow,2025-06-06,2025-06-07,23:30,23:39,6823a7ed17be1b0f5750c153,1278.74
Sydney,Toronto,2025-07-12,2025-07-14,07:00,01:06,68254481f0a705d6efbfb91f,1296.86
New York,London,2025-07-19,2025-07-19,07:57,17:10,68254481f0a705d6efbfb927,498.08
Beijing,Singapore,2025-05-24,2025-05-26,11:52,15:21,68254481f0a705d6efbfb921,166.82
London,Moscow,2025-05-16,2025-05-17,02:01,22:24,68254481f0a705d6efbfb923,459.83
Sydney,Paris,2025-06-05,2025-06-07,08:21,16:36,68254481f0a705d6efbfb925,199.34
Singapore,Moscow,2025-07-22,2025-07-24,09:42,11:28,68254481f0a705d6efbfb927,1451.87
Dubai,Singapore,2025-06-04,2025-06-04,15:33,17:50,68254481f0a705d6efbfb921,276.63
Rome,Bangkok,2025-06-24,2025-06-24,09:51,14:58,68254481f0a705d6efbfb927,690.68
Chicago,Beijing,2025-06-02,2025-06-04,15:08,17:05,68254481f0a705d6efbfb921,451.4
London,Sydney,2025-06-18,2025-06-20,00:12,08:42,68254481f0a705d6efbfb91f,1221.09
Moscow,Toronto,2025-06-14,2025-06-16,21:17,12:48,68254481f0a705d6efbfb91f,1044.16
Sydney,Los Angeles,2025-05-28,2025-05-30,13:17,22:08,68254481f0a705d6efbfb923,1155.72
Melbourne,Tokyo,2025-07-05,2025-07-08,11:27,14:28,6823a7ed17be1b0f5750c153,410.75
Seoul,Toronto,2025-07-05,2025-07-05,19:10,20:02,6823a7fb17be1b0f5750c156,794.04
Sydney,Melbourne,2025-07-10,2025-07-11,12:29,21:23,68254481f0a705d6efbfb921,1175.29
Melbourne,Berlin,2025-06-07,2025-06-10,10:13,08:29,68254481f0a705d6efbfb923,678.18
Moscow,New York,2025-07-12,2025-07-13,05:34,01:07,68254481f0a705d6efbfb921,567.09
London,Sydney,2025-07-20,2025-07-22,08:41,23:18,68254481f0a705d6efbfb921,367.3
New York,London,2025-06-13,2025-06-15,21:10,21:58,68254481f0a705d6efbfb923,1015.56
Seoul,Mumbai,2025-07-21,2025-07-23,05:30,20:52,68254481f0a705d6efbfb91f,1300.57
Moscow,Seoul,2025-06-10,2025-06-10,18:49,20:53,68254481f0a705d6efbfb925,505.26
London,Madrid,2025-06-16,2025-06-18,19:42,09:53,68254481f0a705d6efbfb923,464.11
Los Angeles,Singapore,2025-06-23,2025-06-23,18:17,02:18,68254481f0a705d6efbfb91f,373.12
Rome,Berlin,2025-06-28,2025-07-01,04:35,07:40,68254481f0a705d6efbfb91d,1495.38
Toronto,Chicago,2025-07-17,2025-07-18,16:05,11:47,68254481f0a705d6efbfb91b,1242.48
Los Angeles,Beijing,2025-06-11,2025-06-12,08:54,09:05,68254481f0a705d6efbfb91f,1409.16
Los Angeles,Toronto,2025-06-21,2025-06-21,09:31,10:36,68254481f0a705d6efbfb927,1496.96
Los Angeles,Seoul,2025-07-07,2025-07-09,20:30,22:33,68254481f0a705d6efbfb919,831.81
London,Bangkok,2025-07-27,2025-07-30,08:09,07:11,68254481f0a705d6efbfb927,126.42
Chicago,Seoul,2025-06-02,2025-06-05,18:45,13:35,68254481f0a705d6efbfb923,968.55
Rome,New York,2025-07-04,2025-07-06,13:44,16:01,68254481f0a705d6efbfb927,1013.12
Melbourne,Singapore,2025-05-17,2025-05-19,21:40,17:50,6823a7ed17be1b0f5750c153,729.18
Bangkok,Rome,2025-07-13,2025-07-16,00:05,15:52,6823a7ed17be1b0f5750c153,218.76
Tokyo,London,2025-06-08,2025-06-10,17:37,16:25,6823a7ed17be1b0f5750c153,1143.47
Melbourne,Tokyo,2025-07-23,2025-07-26,20:49,11:05,68254481f0a705d6efbfb927,804.19
Madrid,Moscow,2025-07-11,2025-07-11,07:46,09:33,68254481f0a705d6efbfb91b,609.32
Singapore,Sydney,2025-05-25,2025-05-27,14:41,22:41,68254481f0a705d6efbfb919,1282.39
Melbourne,Chicago,2025-07-19,2025-07-21,14:21,16:48,68254481f0a705d6efbfb91f,361.23
Dubai,Beijing,2025-07-13,2025-07-16,17:10,13:05,68254481f0a705d6efbfb925,1019.52
Singapore,Berlin,2025-07-04,2025-07-04,01:32,21:47,68254481f0a705d6efbfb919,535.23
Bangkok,Toronto,2025-06-11,2025-06-12,18:25,17:36,6823a7fb17be1b0f5750c156,710.04
Paris,Berlin,2025-07-21,2025-07-22,11:30,01:36,68254481f0a705d6efbfb923,1037.85
Bangkok,San Francisco,2025-05-30,2025-05-31,05:56,11:27,6823a7fb17be1b0f5750c156,1454.52
Madrid,San Francisco,2025-06-28,2025-06-29,08:48,15:26,68254481f0a705d6efbfb91f,240.54
Madrid,Toronto,2025-07-21,2025-07-22,14:06,10:57,68254481f0a705d6efbfb919,1158.68
Madrid,Mumbai,2025-05-19,2025-05-22,13:36,01:40,68254481f0a705d6efbfb91f,363.52
Sydney,San Francisco,2025-07-20,2025-07-22,01:45,03:15,68254481f0a705d6efbfb91b,1497.05
London,Paris,2025-06-07,2025-06-08,07:02,07:37,68254481f0a705d6efbfb921,354.11
Madrid,Dubai,2025-07-05,2025-07-08,08:56,17:58,68254481f0a705d6efbfb927,228.37
Bangkok,Moscow,2025-06-19,2025-06-21,22:25,06:41,68254481f0a705d6efbfb925,386.8
Beijing,Madrid,2025-07-17,2025-07-17,15:35,20:39,68254481f0a705d6efbfb919,525.44
Beijing,London,2025-05-25,2025-05-27,01:09,16:01,68254481f0a705d6efbfb923,710.37
Seoul,Sydney,2025-06-05,2025-06-08,23:11,04:08,6823a7fb17be1b0f5750c156,881.28
Sydney,Rome,2025-07-26,2025-07-26,14:23,11:47,68254481f0a705d6efbfb91d,436.08
Singapore,London,2025-07-02,2025-07-03,09:39,20:39,68254481f0a705d6efbfb919,337.26
Beijing,Tokyo,2025-05-30,2025-06-02,00:07,07:32,68254481f0a705d6efbfb921,493.33
Dubai,Mumbai,2025-06-23,2025-06-25,20:20,04:30,68254481f0a705d6efbfb91f,261.48
London,Chicago,2025-07-29,2025-07-30,01:04,19:25,68254481f0a705d6efbfb91d,1038.53
Seoul,Sydney,2025-06-30,2025-07-01,14:48,16:28,68254481f0a705d6efbfb921,974.04
Madrid,Melbourne,2025-05-20,2025-05-20,17:49,00:06,68254481f0a705d6efbfb921,1010.1
Bangkok,Rome,2025-06-20,2025-06-20,14:35,08:19,6823a7ed17be1b0f5750c153,1407.63
Chicago,Dubai,2025-07-12,2025-07-12,05:57,15:33,68254481f0a705d6efbfb91d,1029.47
Singapore,San Francisco,2025-05-28,2025-05-28,07:17,01:53,68254481f0a705d6efbfb927,450.33
Los Angeles,Paris,2025-06-14,2025-06-16,04:07,10:24,68254481f0a705d6efbfb927,619.75
London,San Francisco,2025-05-19,2025-05-22,13:41,05:17,6823a7fb17be1b0f5750c156,425.99
London,Madrid,2025-06-20,2025-06-21,22:20,19:14,6823a7ed17be1b0f5750c153,578.38
London,Beijing,2025-06-08,2025-06-09,07:06,12:37,68254481f0a705d6efbfb927,1348.53
Dubai,Singapore,2025-07-01,2025-07-01,21:21,03:06,68254481f0a705d6efbfb91f,520.67
Dubai,Mumbai,2025-06-09,2025-06-12,10:17,20:51,68254481f0a705d6efbfb919,808.51
Seoul,San Francisco,2025-06-08,2025-06-11,17:20,09:28,68254481f0a705d6efbfb925,1327.54
Chicago,New York,2025-07-02,2025-07-05,10:52,23:52,68254481f0a705d6efbfb921,269.78
Moscow,Rome,2025-07-19,2025-07-19,02:30,20:19,68254481f0a705d6efbfb921,716.21
Madrid,Melbourne,2025-07-13,2025-07-14,13:31,07:31,68254481f0a705d6efbfb919,348.65
Bangkok,Rome,2025-06-09,2025-06-09,16:17,10:43,68254481f0a705d6efbfb927,844.15
London,Los Angeles,2025-07-12,2025-07-15,21:08,15:55,68254481f0a705d6efbfb927,580.6
Mumbai,Madrid,2025-07-02,2025-07-03,02:07,01:18,6823a7ed17be1b0f5750c153,1142.53
Los Angeles,Bangkok,2025-05-16,2025-05-19,08:34,08:55,68254481f0a705d6efbfb927,1041.43
Berlin,London,2025-07-15,2025-07-17,20:17,19:42,6823a7fb17be1b0f5750c156,260.28
Paris,Moscow,2025-06-15,2025-06-15,10:15,13:41,6823a7fb17be1b0f5750c156,944.68
Tokyo,Sydney,2025-06-19,2025-06-20,05:28,15:02,68254481f0a705d6efbfb927,1336.57
Moscow,Bangkok,2025-05-16,2025-05-19,20:04,02:38,68254481f0a705d6efbfb927,1473.47
Bangkok,Beijing,2025-07-22,2025-07-24,04:08,10:24,68254481f0a705d6efbfb91f,336.92
Rome,Berlin,2025-06-15,2025-06-15,06:37,09:41,68254481f0a705d6efbfb921,259.17
Moscow,New York,2025-07-28,2025-07-30,22:26,13:45,68254481f0a705d6efbfb923,200.04
Berlin,Melbourne,2025-06-24,2025-06-26,12:41,06:49,68254481f0a705d6efbfb91b,156.39
Dubai,New York,2025-06-12,2025-06-13,01:27,10:40,68254481f0a705d6efbfb927,1234.97
San Francisco,Berlin,2025-07-04,2025-07-04,06:33,16:52,68254481f0a705d6efbfb919,1310.06
Beijing,Chicago,2025-05-28,2025-05-28,23:33,21:34,68254481f0a705d6efbfb925,240.14
Beijing,San Francisco,2025-06-07,2025-06-08,15:40,22:04,68254481f0a705d6efbfb925,1424.82
Beijing,Tokyo,2025-05-26,2025-05-27,12:44,14:37,68254481f0a705d6efbfb91f,497.09
Chicago,Singapore,2025-05-31,2025-06-01,05:16,21:48,68254481f0a705d6efbfb925,227.45
New York,Melbourne,2025-07-23,2025-07-25,03:38,07:46,68254481f0a705d6efbfb925,176.06
Berlin,Tokyo,2025-06-13,2025-06-16,02:48,09:43,68254481f0a705d6efbfb91d,645.71
Tokyo,New York,2025-06-02,2025-06-03,07:13,03:01,68254481f0a705d6efbfb91d,981.61
Sydney,New York,2025-07-06,2025-07-06,10:11,20:21,6823a7fb17be1b0f5750c156,176.92
Chicago,Paris,2025-05-25,2025-05-28,08:12,15:27,6823a7ed17be1b0f5750c153,837.11
Chicago,Sydney,2025-07-08,2025-07-09,20:05,18:37,6823a7fb17be1b0f5750c156,166.94
Dubai,New York,2025-05-22,2025-05-24,17:21,18:15,68254481f0a705d6efbfb927,270.62
Seoul,Madrid,2025-05-26,2025-05-28,09:27,21:24,68254481f0a705d6efbfb91b,846.5
Singapore,Moscow,2025-07-08,2025-07-10,18:49,13:07,6823a7ed17be1b0f5750c153,905.28
Beijing,Berlin,2025-05-25,2025-05-28,03:19,06:16,6823a7ed17be1b0f5750c153,721.75
Moscow,London,2025-06-14,2025-06-17,22:22,06:00,68254481f0a705d6efbfb923,1446.25
Seoul,Moscow,2025-05-28,2025-05-28,15:07,09:46,6823a7ed17be1b0f5750c153,1212.21
Los Angeles,Melbourne,2025-06-01,2025-06-04,17:34,13:20,68254481f0a705d6efbfb91b,1154.57
Sydney,San Francisco,2025-07-18,2025-07-19,08:34,03:00,68254481f0a705d6efbfb923,985.34
London,Toronto,2025-06-28,2025-06-28,18:52,17:49,68254481f0a705d6efbfb927,366.31
Sydney,Mumbai,2025-05-17,2025-05-17,22:26,00:32,68254481f0a705d6efbfb91b,966.57
Dubai,Toronto,2025-07-18,2025-07-18,09:47,09:24,68254481f0a705d6efbfb91d,1066.72
Toronto,Bangkok,2025-07-08,2025-07-11,23:24,03:29,68254481f0a705d6efbfb927,1131.99
Tokyo,London,2025-07-20,2025-07-23,16:52,16:09,68254481f0a705d6efbfb923,133.94
Los Angeles,Rome,2025-06-02,2025-06-04,13:15,10:47,68254481f0a705d6efbfb923,801.53
Los Angeles,Singapore,2025-06-08,2025-06-08,02:50,00:47,68254481f0a705d6efbfb91b,1400.95
Beijing,Melbourne,2025-05-26,2025-05-27,12:14,03:56,68254481f0a705d6efbfb927,635.95
Sydney,Tokyo,2025-05-20,2025-05-21,17:20,15:03,68254481f0a705d6efbfb927,534.89
Sydney,Madrid,2025-06-18,2025-06-21,01:18,08:08,68254481f0a705d6efbfb919,1328.23
Singapore,Bangkok,2025-07-02,2025-07-03,17:41,05:36,6823a7ed17be1b0f5750c153,895.01
Singapore,Los Angeles,2025-07-29,2025-07-29,16:38,15:09,68254481f0a705d6efbfb91f,394.86
Seoul,Melbourne,2025-07-10,2025-07-10,12:36,02:38,6823a7ed17be1b0f5750c153,404.82
Los Angeles,Tokyo,2025-06-21,2025-06-21,05:58,15:21,68254481f0a705d6efbfb919,1315.22
Bangkok,Seoul,2025-06-29,2025-07-01,06:21,00:40,68254481f0a705d6efbfb91d,1427.06
Mumbai,Madrid,2025-05-25,2025-05-28,06:39,09:50,68254481f0a705d6efbfb91b,1282.13
Rome,New York,2025-05-22,2025-05-25,21:25,04:31,6823a7ed17be1b0f5750c153,548.45
Rome,Mumbai,2025-06-05,2025-06-07,14:14,21:46,68254481f0a705d6efbfb919,752.7
Toronto,Beijing,2025-06-13,2025-06-16,02:32,18:36,68254481f0a705d6efbfb927,1141.4
Seoul,Tokyo,2025-05-29,2025-05-29,14:57,10:55,6823a7ed17be1b0f5750c153,347.58
Tokyo,Berlin,2025-07-04,2025-07-07,06:32,14:20,6823a7ed17be1b0f5750c153,1076.06
Paris,Bangkok,2025-07-28,2025-07-30,13:06,20:03,6823a7ed17be1b0f5750c153,544.38
Toronto,Los Angeles,2025-06-26,2025-06-29,13:58,04:14,6823a7fb17be1b0f5750c156,1355.38
Beijing,San Francisco,2025-05-28,2025-05-30,10:43,08:54,68254481f0a705d6efbfb927,1173.65
Paris,Madrid,2025-05-31,2025-06-01,03:25,22:18,68254481f0a705d6efbfb91d,1196.5
Rome,Chicago,2025-06-07,2025-06-10,11:54,18:53,68254481f0a705d6efbfb91b,859.06
Seoul,Los Angeles,2025-06-10,2025-06-11,05:39,13:25,68254481f0a705d6efbfb91d,1413.16
San Francisco,Dubai,2025-07-06,2025-07-08,10:33,22:51,68254481f0a705d6efbfb91b,1220.26
Chicago,Sydney,2025-05-29,2025-05-30,06:24,16:40,68254481f0a705d6efbfb91f,522.52
Madrid,Paris,2025-07-07,2025-07-09,19:00,16:41,68254481f0a705d6efbfb925,800.98
Sydney,Rome,2025-06-09,2025-06-12,23:34,20:55,68254481f0a705d6efbfb919,1356.27
Tokyo,Rome,2025-05-16,2025-05-19,14:43,04:54,68254481f0a705d6efbfb919,1119.14
Toronto,Rome,2025-05-26,2025-05-26,10:53,16:55,6823a7fb17be1b0f5750c156,1099.65
Sydney,Bangkok,2025-07-20,2025-07-21,00:29,12:08,68254481f0a705d6efbfb923,337.71
Paris,Singapore,2025-07-29,2025-07-30,00:43,10:44,68254481f0a705d6efbfb919,245.82
San Francisco,Seoul,2025-06-23,2025-06-23,05:53,22:28,6823a7fb17be1b0f5750c156,723.51
Bangkok,London,2025-05-22,2025-05-25,20:26,03:20,6823a7fb17be1b0f5750c156,233.35
Moscow,Rome,2025-07-12,2025-07-12,04:28,22:10,68254481f0a705d6efbfb91d,227.65
Sydney,Melbourne,2025-07-20,2025-07-22,11:47,01:07,68254481f0a705d6efbfb91d,259.88
Berlin,Rome,2025-05-21,2025-05-23,01:55,02:06,68254481f0a705d6efbfb919,625.19
Paris,Sydney,2025-06-10,2025-06-12,15:25,19:27,68254481f0a705d6efbfb91d,1367.49
Beijing,Melbourne,2025-06-27,2025-06-29,19:22,13:07,68254481f0a705d6efbfb91f,942.76
Seoul,Toronto,2025-07-03,2025-07-03,06:22,16:31,68254481f0a705d6efbfb91f,124.25
New York,Tokyo,2025-06-03,2025-06-04,09:49,13:10,68254481f0a705d6efbfb923,699.86
San Francisco,Melbourne,2025-06-19,2025-06-21,08:47,07:31,68254481f0a705d6efbfb923,1353.2
San Francisco,London,2025-07-19,2025-07-19,07:02,05:39,68254481f0a705d6efbfb921,184.4
Toronto,London,2025-06-02,2025-06-05,01:15,04:00,68254481f0a705d6efbfb919,1335.71
Tokyo,Melbourne,2025-06-10,2025-06-11,15:38,00:16,68254481f0a705d6efbfb91f,1239.5
Bangkok,Paris,2025-05-21,2025-05-24,04:47,20:40,68254481f0a705d6efbfb925,1010.38
Mumbai,Toronto,2025-06-27,2025-06-30,23:48,00:45,68254481f0a705d6efbfb919,922.55
Singapore,Dubai,2025-06-08,2025-06-10,19:00,15:42,68254481f0a705d6efbfb921,863.1
Bangkok,Toronto,2025-05-18,2025-05-18,04:14,14:19,6823a7fb17be1b0f5750c156,165.14
Mumbai,San Francisco,2025-07-21,2025-07-21,07:57,21:16,6823a7fb17be1b0f5750c156,138.28
